CO,CO2,PM2.5,Temperature,Humidity,Air_Quality
5.680647770825701,696.2126861417914,42.94732414170637,28.45405988417796,58.59979391417964,0
14.26564316550775,1267.041515805373,40.811925865439974,30.933627943827446,70.27161646499931,1
11.006709732989936,1796.7133374022533,136.40691417555033,20.00935797584998,68.00804648950796,1
9.020011414535846,1571.5598182552978,41.18419897817839,27.497481992139978,37.69499523468868,1
2.424677742592304,1690.4978365783195,44.43271028865149,26.434919662874975,37.462473487073694,1
2.4243183530094194,1454.0533867371478,115.11274805060474,31.65660753576542,43.40871838724567,0
0.965445821306172,1507.642503228564,70.2122771553283,33.12174120962521,48.05373631705186,1
13.006024572046535,1758.713042504511,117.62303075850127,15.243135429547737,50.42277907042413,1
9.05661367497381,799.4688141746975,14.47809284683586,28.480398381175853,63.98486084166726,1
10.650281409161078,1183.0799418290248,75.69782308264072,16.03671598239458,32.83402160829177,1
0.40670896500745646,753.9351069113636,9.87397202657598,25.97717330154712,31.73363521130332,0
14.551656797213715,1980.268812794635,14.084714501026406,20.752654580873564,49.59552814719545,1
12.503395347926284,1910.4949434985813,136.43343073493958,21.135531990442825,64.85818460689902,1
3.2638527491063147,463.0828981896094,25.1905788120513,22.05917006904713,39.67176714782413,0
2.8091920113857993,1528.9202760251014,82.20099892990648,27.425848980992203,62.07522406281259,1
2.832727196816164,1880.3973078650654,64.60886237710244,21.680999313375384,42.991406897014976,1
4.633209420097112,688.9205522037337,55.36478230753219,29.65398101180561,74.30430544067582,1
7.918870831320343,1308.712368884207,135.4758351246545,23.09054771147739,74.78449721333082,1
6.5359807777675245,1864.781276140867,8.164392532445977,16.367064006199172,44.86436021406632,1
4.439314188950824,454.31356573727817,101.24950449546041,30.675196849682145,41.49968769816203,1
9.216608131363454,1515.872427594944,144.6921929609648,20.71516649185412,50.565198603311565,1
2.1784585237154235,875.7584117960812,86.22438660196708,23.65533759198525,42.026579259007434,1
4.452955263174751,1879.0339126024487,140.83925699479832,28.70887766443803,63.61919216458518,1
5.558791465076006,1953.6931922645883,12.577392496473447,21.64912314297424,71.30323422741428,1
6.8954427648338354,1910.8263825814943,65.7250312657534,16.13171312293431,63.65460654556085,1
11.799121824755902,1158.742746651942,42.72287968949742,22.47842094025627,71.21752236246748,1
3.0751393541595604,1779.2682415829015,110.96903992220582,33.88897165388607,49.84960811037371,1
7.762093132362812,1751.2790376561127,147.28807812210076,27.83468794597116,37.815848535443045,1
8.926977076044432,910.560757189209,42.19685905441593,28.42958297334414,66.89754736987962,1
0.7921111495279661,1726.2647586410837,99.8553172137408,27.645643072752797,48.02372525707769,1
9.152418293331431,459.2122155447882,33.72415675016232,18.979842779188736,63.56354126145663,1
2.640809442940644,1354.0318055712848,86.97288691288344,23.3666772820456,43.53219709908828,0
1.069268735480665,768.0141396603249,72.27021056980875,30.018795967266364,34.06148174033363,1
14.238394505074666,592.9070172436461,145.94077279657287,17.027457951063184,79.62908977438818,0
14.487917292810934,523.1251226067346,93.23645454098765,20.557055521794247,37.81007539652997,1
12.145120486935271,1514.0620414050236,55.67842395258872,20.526382169317074,79.42104969817404,1
4.638745160683223,943.7999420289058,21.54388880875034,23.64037855189012,78.86399662832235,0
1.5553144986951197,1559.6268344460184,26.93079016656551,34.6073748188437,69.69090519540198,1
10.295072095031138,504.5701452783078,37.670954842929085,16.35005093367644,62.97114810409988,1
6.658272156720059,904.4645405289766,41.390165894343205,25.3740198876119,58.89035251255423,0
1.9183696991872046,1263.1860678005396,128.33932838696498,18.58729364024421,73.30507726889174,1
7.478135960657926,1665.1570637423417,86.37730430096612,34.413530908194886,44.4719760809744,1
0.6123889646167541,910.0040046913118,80.89168214928313,17.266070094549285,53.38406062424385,1
13.648873990973852,1401.4262022992145,21.641486421036532,23.072020047231824,60.9694984683251,1
3.955821725840252,1817.5643971778993,129.72025553566806,29.75769969669212,50.559523793474554,1
9.97158203687433,1385.3811010916875,109.80807396523014,29.091088560548904,51.3743227045134,1
4.744495033732223,772.735159605814,14.811912475500229,23.454572737878646,46.51423337510422,0
7.849013515549381,439.0412504904608,107.63608909831646,21.930483359054364,58.2115908342268,1
8.245983162214866,1792.1581982414878,83.81304151468368,22.952247571057413,72.5287264007558,1
2.854331387330353,434.0310573606194,16.850175133282846,20.285525263172786,40.076418900315645,1
14.546810953691923,1799.522676294719,71.45359302165518,19.106658774135994,76.72165193767208,1
11.649479068080607,1246.2994144435393,75.2809616338568,24.6607939511778,64.45438268741148,1
14.098534229306418,1902.508317620634,29.037308323674985,20.370675121352146,71.1636606340015,1
13.432927521371967,1678.0531772378647,142.12623131504094,20.749233297945004,57.80953463150058,1
9.008709684285169,1996.6945768533399,128.246428864696,28.13512126949114,68.97583507120316,1
13.835926101844441,961.1389047227362,102.0082389127207,34.37074663399784,30.81001986697336,1
1.4185382805736007,1627.501262289803,72.03285634508805,27.072744011187503,70.91902123897677,1
3.0201446500452636,1043.0894617747874,64.70600352975373,16.539589341299326,32.006942954268325,1
0.7738866047670172,1167.800992486254,99.39115273688836,16.511672277081338,74.49566881814312,1
4.947421928372639,1404.008741149392,84.0876210640013,34.02846441691132,79.59813736193217,0
5.891291616373282,1797.883382698142,14.029600352873414,20.945815806146673,44.70337310883889,0
4.143100573431049,1974.5335507188722,79.3128840716981,16.841339721649508,40.51592781428968,1
12.448188886363747,1629.2374621832291,121.92852449876173,26.980891743007632,68.26816819290204,1
5.41562456773448,1068.426851467734,71.58978225155892,27.47297556580532,42.651317046012664,1
4.285924194341973,1074.1712036433123,12.53370374536892,27.970096402373763,73.27811915861017,0
8.186171639057902,1580.1316825422264,119.0103389106848,20.348040557150824,35.142129607873834,1
2.1997709521239637,782.0434332292837,34.19774840971628,15.302213684289502,36.29775981896791,0
12.052735013235191,576.7585810102314,42.500021058765626,34.30030738908944,78.95757775503077,1
1.2108045908285854,967.3954522252425,28.882421247682906,20.017860913822048,63.69194491350023,0
14.804615355347707,859.5823866465307,52.88118440636715,28.520525761050948,72.34436122144764,1
11.606447062520196,874.0929927295841,114.72896832485208,29.13259739757419,46.2164688675759,1
3.060863654859169,773.7724016798559,80.31094962807092,27.200148341589713,63.82418747603022,1
0.18227954514167577,467.349103418179,34.707784751853325,21.258147884272965,59.712091365429856,0
12.250375283977029,428.5982955734621,132.2853613320459,20.421925075281315,60.15750600614735,1
10.632174423329495,1980.3558235776504,132.5393689679717,26.95336565405406,64.12662297688607,1
10.96220680381071,1084.4370139773796,131.233871631671,32.32191267223383,58.76795865645493,1
11.591928165620592,1014.9226354554906,39.625450650323195,33.93467457846791,51.4531184651333,1
1.2032653108379465,1487.4356523089118,70.42970490624327,17.11811608807515,43.79613471902734,1
5.441139355309661,749.2062205841027,147.8235001404269,18.0965722519544,68.4290665456601,1
1.826448986924433,1919.9378943203606,116.9418090649486,33.89472517566159,41.313621500159314,1
12.960241045546343,1658.1520230648832,8.939276077706173,29.730704566695852,64.61771530772072,1
9.387142089730613,543.0576036996152,14.454665732771348,32.65987649659546,41.66664113246633,1
5.030380570304473,1068.1292412558855,72.27004963778825,19.052652682706864,61.2665084977227,1
1.0470194192617521,1806.5892920994636,136.83692984992624,26.751717422188037,67.35391335645144,1
4.733636593563366,1911.5712356662564,83.11176070314356,29.022791888349474,40.93569444532696,1
4.945231498198531,1147.8424179997915,77.18281366497209,28.602237708939455,32.997165043065415,1
10.971132057237154,1381.4582227371325,20.293686493711434,23.16303381733396,36.548687149708705,1
9.599606323192676,667.2543137473203,100.23311518502264,15.30789783382617,60.29984836355128,1
13.319469864387266,1985.8698018191624,124.2049582870327,26.658521136085263,72.47232031128678,1
7.136002384913044,770.6747222135094,60.16090108859654,20.062030783592174,32.24984106177122,1
1.8819542644806955,1908.3708386162011,117.46371838417248,24.005084922857804,66.70756295208231,1
10.727347329622626,1439.4346383877896,144.8491148156177,34.151620301676346,47.065932297502606,1
11.435697224391772,1372.3788718061746,34.546136573514914,22.980706352848692,53.92641849597612,1
8.463030243785493,1220.3016176264136,80.88279652323749,31.796032133288534,76.44297749227829,1
11.587410981322959,769.0716987484138,46.63500392226345,18.770812114985024,46.59857523679227,1
7.457554385829422,682.4448512088132,119.9638907599067,28.449209960500575,53.2668466969743,1
7.888719157791711,752.7779345122806,88.75103805276784,34.54013908877887,30.684120738034053,1
6.470361173542389,698.3012194308072,97.01445054479404,17.037862017458735,34.079936000241915,1
0.4787449884870183,1647.3351577068054,120.69755314430463,15.16639884454384,42.9295795567392,1
1.7075822622002363,960.2004146667682,62.415718536055955,23.671655852652286,31.39261204105372,1
0.5682948667323403,492.5482825014342,137.68805991902127,16.852509661027344,61.56876630241255,1
9.582515127830328,1950.5642082252982,82.2891857506903,29.967686993524627,51.319917840081125,1
4.783904118037267,1814.0574159414812,27.90344931112546,33.29097327697118,57.407260136401106,1
7.677703298354071,1884.4036531123406,105.90537213447635,23.680419454175176,38.732359294816476,1
13.622740461498786,1991.8525162342964,120.0228958135469,20.17423284310882,44.796601471830805,1
3.814454214318237,678.2323987511797,50.930443174791364,23.688066380132195,63.191223742636254,0
6.214705553230883,1033.987230244254,129.29099226481918,29.46895635700002,78.26513618151999,1
11.357711964291425,1613.181561126546,136.39077194103612,15.18108323160742,32.52083868011046,1
3.509092665825175,1513.6329888860676,45.1511506697823,26.789079789693943,74.5192160427633,1
1.2470006564490157,646.2334501437681,147.6106135437072,27.26583369774758,58.84406006556043,1
4.417296648415143,1705.3329999849884,25.403171567069972,27.75376493791871,58.195978337781185,1
2.502197180084666,759.1049149386571,34.292271918361045,19.840441599617545,55.01392676038802,0
13.952495019904338,758.1081837161969,31.71260168951379,29.281054467562534,33.46970429520917,1
12.140993655509813,1259.1590766294617,134.62850795114122,16.827829726635528,34.493842586808036,1
9.537715972005309,1348.703895746725,99.87242008711947,18.985406729336017,60.045600282954304,0
13.084762793796994,1328.1379325404978,27.055121067229567,32.54940093308964,47.047928571777916,1
12.074713945796805,546.3789398364078,68.8468956634106,29.774463014531328,75.86340332888403,1
2.8798938774019343,1803.9373802086086,94.21821363512129,15.274911080226905,50.32952686797361,1
13.39912907750067,824.9600681419297,17.102292323460578,19.967525207396005,37.164072935132054,1
8.136199404543195,607.2238740524867,132.95037341906414,19.28812965986329,65.7359416751018,1
12.130858311944532,1821.9969277903635,121.5225126390226,20.41612656073945,44.667671072050496,1
13.451760368860048,1929.0423971676055,78.25498216861254,19.95119540559773,56.27351536779466,1
4.838251777080772,1779.404187624721,145.2333592125797,16.250525914856915,64.8916392752585,1
1.7397736754623838,1695.225719559805,65.57534199488946,24.178810331936408,75.01320556010353,0
3.496233921874931,1448.3871690224348,147.6959962602922,29.654669495723304,69.6095597400838,1
6.463906050531219,1281.3717929746228,101.84839982652592,27.134634494348727,63.818053393636205,1
12.288420012245147,539.1788158582563,97.02733462182151,28.457433371961596,63.98165911975718,1
12.924885690519517,1053.5251409131179,29.063459817888823,16.622983570724784,77.29623220160433,1
0.2035867449147415,996.3016272197024,132.87952495417338,34.02981420353574,44.7912048748268,1
7.710134808405729,815.606054016522,66.9860047484892,31.769836676860496,30.05560470980937,1
6.319423946916807,1557.472181901736,28.523843838459506,31.101806369913255,43.59772796990993,1
3.409406376013881,1193.4011761260333,6.828090396485061,31.45967610083535,40.8945689813372,1
1.885993973271874,529.6739454522367,86.16457412756547,33.654210162655225,63.09172925569991,1
5.1304660539140565,752.2931231196981,81.47294520778807,25.885079322273953,61.68557998827645,1
14.149354588296536,1493.2140218553534,109.30627524352799,19.00564035735252,59.67306913523619,1
4.915723687109253,521.8093751844804,134.0874176875813,27.335672157050823,30.812172160472684,1
7.829980263976155,1761.9310624780298,16.51395477323928,29.857629873358782,66.43890272253238,1
10.57498248753815,1192.234443222359,111.06699109935253,29.75834786708051,46.17652062427457,1
5.51808107545148,1168.9385237226368,32.17473189414942,25.428980483337604,63.25279945033156,1
14.579553032542314,1347.8524554552282,129.4356727077888,16.36917438667156,57.828921425107666,1
14.440464694637457,1719.4895454802386,123.76420950994013,22.422258768602557,47.13654627139536,1
3.851556207797926,956.4947326435089,83.41509447290393,33.415332169267145,36.72881335520539,1
7.509002737796543,1484.8258440945017,107.98520580038017,26.688978195148522,34.720944883024046,1
4.5830868162698675,1305.1711423932657,50.580766411643516,25.766638865114267,71.57591665561118,1
4.3441233662242675,827.2452322710741,73.31934534525813,20.37707028764387,75.9198771040779,1
0.6496155155825386,1805.8079781682527,124.13735016801839,22.368978398331578,62.48940233821498,1
9.182508576300464,1675.881634571085,71.59345359011601,32.90692178306338,35.17170574302417,1
7.589917446110036,1453.5229354534808,56.88074847218906,28.329260950536714,50.101360844412035,1
0.8670333936248413,1760.930766550787,76.66080485129348,30.747740535046656,66.44696000525786,1
4.25183231712551,1787.6707215356837,125.09614160339666,24.086908461353104,68.99104420050341,1
13.63316170090314,1533.3807627440556,53.60516686877654,27.60494438912316,35.91093111455443,1
3.6694721709378895,1739.2213253818752,30.19543100468285,19.96767217486415,30.001535942269122,1
2.2589335941592243,1515.9543386708538,108.24203294796321,29.109216605669726,65.60685229403025,1
7.392846128135688,1488.2252348164807,124.76684084267187,23.552026674066745,47.829808799310285,1
14.786191766247951,1389.778205144295,19.592434385912334,23.850910296294913,42.72406658091301,1
3.7066235455213565,1604.346623292226,39.781746349611986,27.986446491537635,30.64487348947627,1
10.11481965634759,653.7681684689179,25.585938515344115,33.72561242937853,57.01497033807499,0
11.448132268397892,1809.3932147182854,55.451504679414164,16.28012693217242,72.55753677129908,1
3.640799405486755,1794.9496443923713,70.30089194128483,31.494864746940152,77.8815823136294,1
10.950423594316707,446.79565285529463,113.57981885967943,20.84766220824386,58.28724753066446,1
5.579968677516873,1721.3068009036203,99.41639980784275,23.878389090127556,55.72306638699471,1
9.521356875844335,606.1917879575124,95.03464228437252,15.43826657550018,34.252819274462055,1
9.539592690337331,936.190166814627,56.09436725839989,21.02092155668626,57.443640077129984,1
8.083042792713902,1589.6132100665725,127.00989519729019,25.05262485260261,48.99895394826973,1
1.4453175738106838,657.2158336772932,73.33663927273386,16.12352154694878,60.356764044178846,1
12.546007184279645,1708.7472385904996,146.9702160121974,24.8219145876633,49.43631739382734,1
4.879622968078864,1731.414684732387,96.95061005288184,33.54221257716854,42.01495617251834,1
2.879125804957828,1211.948374017338,23.308387526852897,17.107864362156104,34.748263761418826,1
0.7075496091659823,410.21739474693373,103.04574650093792,30.288814561510087,45.74592222944479,1
8.904304853504803,859.2610130798605,52.14008223759635,23.193421067519854,34.832241714387614,1
10.195708991450008,1387.0830694011875,104.51744351948413,28.10347429048676,38.8448475411992,1
0.34715865102505666,1969.8978848438776,15.097966483548833,20.20473195970459,79.3668079289773,1
7.7301865686592866,1410.9016432266694,30.357808390514112,18.189845250827165,52.20517784533093,1
3.4747870504492755,815.6857297026556,129.08190254133902,18.20925228542453,56.59358832525083,0
9.713074577100803,1414.409124959378,37.94103576840966,16.40983891286289,73.68092643686077,1
2.6980597921743725,1263.9766075453688,126.37096316022631,18.71293409802486,79.77844502453439,1
10.394972297726742,1647.7526322418298,45.49503282588951,28.284387699779366,59.135722467234075,1
5.8623566598780075,571.1690221231335,98.2178769585126,32.633812236870156,70.62369105220859,1
14.057276832177344,1617.6446440032448,105.6518331589255,31.282513711823235,46.34705121683376,1
2.1490620677752994,1266.0265258817765,79.33493920603267,28.702686197489683,45.28719787236456,1
5.181888630648851,1940.7872061743915,49.270048121026036,17.208637268222052,50.135186049728006,1
1.7907554664847773,946.9954656618977,35.83343457380894,20.783748925918996,63.625363133682455,0
13.877934912350586,1412.195029014317,9.812456411551802,21.19613750644938,64.10958446275494,0
13.172356365376617,1891.244968816028,49.072228179904954,19.999138927952423,45.76197173247254,1
3.943330252955819,564.0155647850868,99.70860462703604,25.300113194194463,36.66049620683143,1
9.933762285909268,1899.5655795783218,141.05419867503,25.71107629759345,61.619812823275424,1
12.276610782998116,1500.6171556813013,131.32464992814255,22.137719503422204,36.41629310943823,1
8.372492092831989,508.53929456827507,116.07939259761888,22.07578317472872,58.92462541146651,1
7.991793617504497,881.541707114906,119.32486477172831,31.571111958121627,64.67110640281544,1
3.7035991344167303,1533.0753418324505,101.42281100401931,30.785856966393712,65.03057481972257,1
1.4872312403078984,507.76096235003473,42.74159434707044,21.155916633614915,67.67360553297983,0
13.468514793504568,1331.4727362820372,136.54327945234533,33.27576887746518,73.64297107828322,1
13.516229051733625,953.4128911247308,102.25618522634593,34.05630034005012,54.99794959823942,1
9.533211713371692,1393.4648284279633,86.2638914921638,21.534850840600818,66.51245947647857,1
5.15154388662564,473.1872541000206,21.093473035954755,22.088498975861096,60.95863676829184,0
5.303222661728647,1794.4588898438021,69.82305385193169,25.112683068439175,39.33199698988413,1
10.916739615166566,1957.582350683835,71.75194932427931,33.82241625067347,31.284482243470407,1
13.466942873293398,1950.2045684571065,130.36172338078714,32.52638866284623,44.22706928384669,1
13.317587721550249,1599.4429307886796,84.26399192722933,17.051359251671798,52.15168531688097,1
11.720145633278596,608.1379842090112,60.1580796007094,22.854614865428324,60.855297221432814,1
9.666271527698887,1613.221113486436,146.6360476340456,26.067423794995435,72.49796652516027,1
1.3536854784262278,439.3390663340824,21.054486032315772,25.0626494510308,39.81228583530828,0
2.5082678400097453,435.3976824463956,66.26952210523197,18.877261358737854,36.277489494923856,1
13.488457409053481,917.776350639266,11.093577899853766,32.17633542336309,78.17399737371638,1
9.13579298892789,1181.829104647465,112.2860975112049,28.538815659936745,35.402227968820355,1
0.23703606908778177,1632.651868492469,138.12110006887684,31.758167497036073,53.924553505359455,1
1.6119259887038786,1493.2726025704083,45.60541278482097,32.175285586989446,59.27818643966509,1
9.986176359710031,1113.4443302027973,129.45954313587254,29.967117073314796,57.068721045371916,0
0.17541759930865844,837.8026660506654,47.371643416975175,23.784212024994346,34.30160785164716,0
2.49603996612073,1995.3992002523378,137.0616734383677,27.21093510030849,32.85134570018097,1
8.276133461562132,1081.8900835775567,114.32447602153367,18.207308122394863,35.274171373051786,1
10.40923844562113,1122.2192389274808,121.7114826420086,28.472908349498155,59.27938419363063,1
9.814222766588747,661.7981139066707,7.610950562065902,18.585065114785614,57.21724438171606,1
3.441612710962341,1671.695277999887,144.60750177573377,28.878991810203136,41.68703960183721,1
10.711470398078283,1509.8915612503818,110.36729385019687,19.591963215079375,61.888707092279574,1
3.6350114037023213,753.2313804620167,49.188908830989334,17.3510260030044,71.00337510278247,0
4.948455502573089,531.8096729853482,125.26222640453281,18.30568980285915,32.07894799232969,1
11.22272193625856,1488.798883319541,45.82057377016484,15.039842704381405,54.906497177402116,1
9.779530195803499,1447.2179428498164,131.54930673708856,29.374792357070604,64.46552060513451,1
12.75342881636325,837.2152431971349,21.324156609730867,29.648020981167583,42.61559635348436,1
9.898432095275115,1921.3816996006565,107.03446673181539,25.29866699826519,45.38854526465745,1
8.567798189698527,641.6926268494403,83.401279113512,18.227256021107674,60.68189514946919,1
1.495754040638578,1091.7356816681631,18.997498178338915,16.671086750213796,74.89676467218685,0
5.57896546558556,1909.7854722681582,40.07460509753165,15.38257932874574,70.49622101514497,1
4.0515152784577095,1071.5637070817957,6.798585260210644,18.314963539304415,59.156510954979176,0
3.7354456863483456,1421.641516262537,72.97135499235334,32.81711069966293,66.51108588786246,1
14.59785726581144,1036.1510367404708,48.683462810200055,19.830736834033637,48.24112351038993,1
5.95715609753473,838.744323757872,91.76183522317503,22.085426544344315,62.04827640493789,1
13.391493672138989,1974.3642367357252,48.09948211774949,17.106909689626665,53.30907955637785,1
9.503965527359217,1054.9344101040688,48.48827116851278,19.447226094963405,39.49680682287804,0
11.942688422770562,1830.558725886615,112.76301381608249,25.384491415604103,65.08691369386287,1
7.5892926872673625,767.9273694257379,11.98071121686125,27.15505366191305,57.8232318674411,0
8.69586788093275,740.9675264401333,135.91977430283814,19.90704628332422,47.93107909767957,1
7.438513637901072,449.8145326152182,128.57826178672133,16.154643184502344,75.56695950393154,1
3.0091205181908633,1442.666920601416,101.83167906782894,22.82065738254797,31.046705891336664,1
10.864536517396429,989.6421499580179,91.01712766557073,19.68406741852668,45.788657562474796,1
4.283508200368751,1782.9731997434192,134.38386223024958,19.39107846459604,32.84406988888233,1
0.46230789982866227,1157.1358507064915,31.872876031663594,34.197256054269104,68.32636581108136,1
9.7175372090168,1949.1094846635547,16.45052851767015,27.32600971851448,65.10537270568963,1
2.7389491231650296,696.8408251249939,39.728974636883024,26.137568863441917,46.56761093681585,1
14.112832906858422,1789.7970687289774,120.21385041152759,23.315502070466437,63.78314511035365,1
14.313535797338552,1642.5549644667867,10.027188675340081,23.578886668602884,49.79686130979749,1
13.731479414284683,1633.474951430483,89.506991087106,25.818100076761617,67.81268957112172,1
5.615364633806121,1751.6531649870203,149.33843984773995,28.928596140722146,52.70918313683531,1
0.3303035862801247,1617.6383855087981,129.07593360644321,29.04292192363659,50.61398639158328,1
13.931946582557108,1401.9525146102646,80.60962491132047,18.433878154108992,76.73649577441505,1
6.479943809927983,609.9918042918201,14.22793184656314,25.00225504153254,42.543954994535014,0
14.503156803750677,452.04188718600307,125.54915958592792,23.23916190068204,36.02236699982827,1
14.457937658629868,1873.356556505099,91.85188368569553,32.41053932538769,59.227155662972905,1
12.809840886463665,1386.6405032331809,21.66528457363719,27.628378424367526,78.46609061420895,1
4.487288491836827,1674.459665561882,18.60930629938665,25.650081328319636,48.89196068635933,1
5.837956156168686,1170.4357624200802,136.8958888183059,17.307892843578347,33.10183818143908,1
12.781936405601169,587.6931023398312,102.03403812602137,27.11275778646823,46.96526336547837,1
4.822137876828537,600.2972675240807,125.24658590092955,17.344078113604667,55.29658271597792,1
2.6254419256227783,1496.9044595663543,132.45194054092877,21.74413151131504,38.09615033161069,1
8.396338810629418,1088.4894318391403,87.90699104700673,17.856839296286637,62.9051109028246,1
14.048706134995637,720.8395627205388,80.02972100448099,28.841472940487378,79.88746945051003,1
10.470843970457098,1186.551274786299,67.41197449654358,19.12504227672305,52.58697379907219,1
8.593911434331538,502.7342993202145,50.957255229712295,22.83718746376052,47.73642783651063,1
1.5479297571844512,1331.154243063038,68.0164143245132,32.91349555237557,50.03520834172333,0
9.263607677817628,830.3894470961563,117.21255008087267,19.086327667979404,35.75730891976006,1
14.851802366553523,1676.094561019501,92.27889749719408,25.15610127917558,74.16368007131119,1
2.187251827024208,896.579134277718,134.4158770434527,23.38543322332044,50.7412827760676,1
7.823111820219677,1128.352238530882,69.29010208498222,15.362480820914595,49.36372057124207,1
13.172858771726537,418.59286385296105,93.02798891421934,30.855162271456255,62.984513646523716,1
11.137452404537646,515.9150204712942,96.53959519833836,16.380918126291995,52.10167104655618,1
10.485534540829493,1027.9896902506957,90.7960885344172,24.485100419539073,62.4116734403923,1
10.567012851407927,1167.9021355473976,106.88189709739987,26.213565898779,33.07231450653938,1
5.456418153174352,1360.032876990886,39.42785291434691,27.568529132291744,70.68616718611136,1
4.474518479540951,866.6601259348852,79.29274774413965,28.772632586157513,77.02519764397013,1
12.159481216629853,1511.9710178024682,20.11259640721041,20.0654476704543,62.4382693079693,1
12.170689580719793,1776.1958355027273,60.75414250849782,15.199575533168987,77.72829644294055,1
13.019377546843545,1647.7615822293596,75.71172495008334,29.468873247098237,37.571615718498165,1
13.707284233091423,463.39012055737146,99.57251763409351,25.713131986951574,53.87080947401768,1
7.719001743027973,1168.8111156125265,142.82700262499952,31.722354064144977,60.09033669727236,1
7.572592790839274,567.8882854690798,92.0944046495116,31.427767258013887,59.08683237105933,1
11.99459816660495,787.2720253800439,112.82111784560117,31.866523355757664,50.07308895445216,1
9.784462568588701,1978.6601492274344,78.4085786268044,24.701893199590803,46.90422046831307,1
10.559306471139779,627.9928686424212,96.94508454956804,21.672567916737314,36.34120112752094,1
11.957310774597905,1198.2210455221698,15.285171339397147,30.8311640518274,49.58712252811391,1
13.361079593081739,1389.0491749089906,41.886779222067815,24.0258822605851,38.13304075527426,1
5.136127837087884,1523.9439528705664,57.468698514745114,18.66884392806869,66.71828382461092,1
5.696185994335165,1295.4378935790626,73.51153647594447,32.09948039122949,40.4415467747295,1
1.5003309036289483,415.63335587069383,11.619068097845641,32.65119753544695,32.928265264226695,0
8.716374100842993,922.338093190387,25.303494145231063,24.3261951228034,57.61830689086172,1
0.6355398795714571,1228.3386294155384,45.138074629739336,16.51399454619575,59.76148663597008,1
7.037410470173656,540.5863986317333,145.87224018065234,22.756521798338625,73.59565306402527,1
8.18540505714289,961.0030899346892,53.04531602994236,31.070753189252066,58.849080620884095,1
4.369464656711437,453.1249740661865,74.89595342625196,33.03548057092458,47.27404268617229,1
8.90341558247826,525.7255954480332,33.43416834706697,19.069454849951917,70.15059407631603,1
0.5544537240918365,1035.0772419225536,93.5631103059864,16.33947224050543,57.01394465937105,1
0.6564880123632948,612.3452064688965,45.699066249816276,32.54700906265677,33.96401423155959,0
12.356748353828907,1308.065357218493,35.01392387357188,22.788098779577506,58.292528015662334,1
5.466840557027817,1503.1439506196252,79.90303112466697,25.835219285351265,75.40092727108312,1
1.9932016385130833,1680.9387185745327,5.798340878261019,34.361316241015174,49.81563127491103,1
7.8814245748165845,720.2403907916962,6.111284734137673,16.33129455828446,44.81629009499,0
11.5729039411693,667.9721316145117,36.76497731976938,27.96636014904191,37.173472850901,1
3.3157333097029635,567.3085445350404,10.324597562619065,16.482108451497343,37.572276096767865,0
9.381068089703104,1418.2883992698187,20.66373434895025,22.509378569330007,51.63857421709095,0
1.3716772284071432,1530.3611623790418,54.13479415411898,31.076290903868934,59.78399120807647,1
0.8700576454122547,450.53783172102726,121.37492353907287,23.669444655112688,34.03077025848009,0
8.017184010365405,1897.9395939899036,87.94705328854862,34.94364707805901,76.97842945125828,1
8.155463311990587,483.1540538423559,79.33682026368038,26.181185698932044,67.75668087225979,0
9.597705532323278,1266.0741364817127,47.55587936517764,21.42324305271907,59.331195914183134,1
10.918760872467656,1534.4968311214664,140.10428931775837,19.402226518095063,71.42193354694953,1
14.640195983991765,1793.550597993737,62.567180979392795,22.010410685723237,34.00933784060567,1
7.79287518968781,1542.5390914118846,17.628451185386865,22.450665475191016,53.841943886656225,1
4.912051446824565,1682.7649329116668,94.47464483708119,16.37427355447922,61.50465634308317,1
11.948274302053685,943.1203080684897,21.506567054107204,22.391483988535462,71.43264530591446,1
4.135400543804906,1703.7201819944196,55.05735570624535,24.2847703947845,69.17347800246338,1
6.640674168513978,528.1837542154802,78.57473111408228,29.454755044776093,43.85346248566998,1
1.2690000819997629,1831.7066496968441,131.7622660793505,28.134589694432158,77.0440084779602,1
0.4777260768903169,1276.147801845978,76.56425414931721,29.175313104583083,36.21729207154352,0
14.443461378701084,1707.67643193999,106.82752107459132,15.167273637537143,73.75668093105762,1
12.556103795631866,1123.7092552292802,148.9584416548652,19.353347991610722,78.54701248023093,1
10.4700156707961,1429.7243123144399,24.065922385207337,28.23368576799713,38.85767616113128,1
6.193398871772621,1242.2442574977813,44.83607120033033,24.679787363594944,66.10330321018927,0
2.6820853690556024,1570.543234808531,62.213530961658726,15.106269513366918,32.01427593889992,1
2.430911935799182,530.6079712489434,66.16508588813055,31.089892848636445,50.27114125695775,1
3.8286191826524707,496.5633343849021,64.59805591350414,30.456191465806747,55.8141649598837,1
8.283477304121195,795.3651744162344,136.60359537070048,25.968383259871253,59.0322612954817,1
10.74747924823093,655.2714881811014,108.53473344769418,16.329266515525443,76.79686241242797,1
9.936940913094196,1794.8537065475227,93.14625604315205,30.330300990651693,63.61253436470973,1
4.271015064494548,750.7423797728709,49.8590440901034,26.674271754627277,54.06389756096185,0
14.327492681881592,1961.3844093106102,124.44960571208773,30.639199543159183,70.48375181329448,1
11.09466405876695,939.033266833771,143.48377416532338,30.03493984791681,77.52664104772045,1
8.35987538241987,691.3886651019188,124.07375096978285,31.06004143915674,31.10330743411454,1
9.214639118891848,1663.5176114279666,5.226940252763571,25.360161328092495,79.12606361280194,0
6.35204093017407,1453.9324408014018,97.27819867659402,17.8064903638703,34.306606953184016,1
3.7911917435672464,1197.1131463250224,12.414630309104606,28.423149467593774,70.71933896343808,1
5.4039929119037975,1288.58168150021,42.35304694838967,27.409475701039412,44.01673762757062,1
11.3919070459191,1550.7228452356221,13.631081550426895,29.845063743981743,36.608982887693585,1
0.3144629805833624,765.5275861300779,92.55034067766123,18.397620121014707,51.99278198569175,1
1.829482343553052,1994.134265690787,104.55553745642798,18.899503998005784,62.19782897238068,1
0.7854393661241159,1959.669059434853,21.60070751955624,32.808190344386574,49.047592251173754,1
0.706859154552655,1440.521098155099,60.65663804152202,29.999555969041417,32.72827041413495,1
12.846362701764008,719.2679214866322,71.1542937985536,33.16456977400646,59.97305698293583,1
10.584502104762352,1488.3651878900662,58.5126881553329,30.174306423278416,75.12016380553374,1
7.165190053401145,515.5174543666814,22.54862507035299,26.94310611980604,49.16076829736258,0
1.5577289936999221,449.0440035292897,65.74742957718394,28.082654740557473,40.81663888154135,1
7.425076539240802,812.2926216179419,113.92081693222063,32.7825584788002,52.12886729664077,0
7.1547293846304285,1140.1967307829061,15.296111357322042,26.57613509023881,32.41813555243904,1
2.6807078616592266,1789.2360086534088,16.626102041876003,27.647826486567748,71.02437922401374,1
6.564389573645798,1563.4705116260927,56.441837316217715,18.12953432007201,71.31704054750934,1
6.037720542520864,1588.3304339199697,141.55022818474413,24.478424402322055,59.40002317148142,1
9.276166460978025,1080.7893351169205,101.94303377482254,29.327942239161978,47.65514444691948,0
9.562895397927893,953.4959880751406,103.40714371752189,20.41885396632731,69.98916822228917,1
0.7750297456034633,993.6620207753643,57.47839867149042,19.0450836104907,57.73435123941836,1
5.681727957934421,1980.2393019776925,91.08081472523807,21.276536164488313,71.29661542750081,0
9.425312744142122,464.17470625997197,6.46902168402279,19.83001255985667,61.57293962915103,1
7.596730252843306,1787.2503937959177,97.23392672938363,19.298252740727918,69.22027366063986,1
12.861698633706002,1325.8806537158293,137.42660739855432,23.49701685736174,59.928149660887996,1
9.91453511112228,1101.7846707033448,93.82315290999878,33.15677027767068,50.70705341078331,1
2.5277229635133027,1560.4122566642184,131.68629605262004,25.141192934774367,77.89729299630687,1
1.1514743362664048,1178.6703062795245,109.9760930425836,18.75840761630646,57.055691243942235,1
9.672047245274102,1797.477180930657,22.480970378535087,16.539433387617482,60.25447592702692,1
0.495018527070165,1841.1229824180136,135.85572955644705,28.923122902758504,41.024381970737466,1
8.828056160974603,1074.7534829975286,14.634357431587357,22.655975288727756,61.28253947136382,1
14.109430597231867,842.9244755760825,82.42528351942575,31.436618931707187,58.58038247414719,1
8.674565250350597,1347.7605257493797,25.60988295005136,28.190215372815402,39.241919897351245,1
5.883731900477176,1859.7813529867055,6.69745855598109,30.92482901082737,32.979354867657186,0
9.684994454791061,737.0595024090665,66.19496771850766,20.438920788368975,60.21796598573856,1
6.927968068323597,1396.7465337015724,47.78090260985265,28.84717844922116,68.18461346751603,1
8.229690160807431,1410.4963521480329,75.47007160065243,20.281239693874376,56.17006854610041,1
14.127825650770225,1572.9808358644495,88.69398357650986,33.781369589005834,41.338631265982286,1
5.852929303231536,610.5082962036157,11.342165484797366,27.727485630667488,63.326098834651745,0
14.421739400976321,1545.3199434913417,22.835477792943117,21.490236003506844,34.00528633048011,1
13.58972456514535,1854.4520330650255,86.00314748531167,20.390237245845455,52.09168524009773,1
3.017287908360517,687.4929741923871,54.75926621003544,18.81853170143287,38.16833791992101,0
1.1334833830399653,780.0693198782042,110.73015569466996,28.892819177874557,39.22295255299417,1
1.6015922205236572,1954.2321504666234,99.58228904583125,19.374312259958547,40.11469745791018,1
0.3715052022080909,689.5631243351836,127.61263263353649,26.906065318549782,49.335352852198895,1
1.5072001152633332,1767.0161493913265,105.41145986703766,20.292700538507148,32.55751028101988,1
10.276800923903718,1187.6445703168556,67.34000622157149,28.239378895877373,49.889672046454905,1
1.160710862057412,795.5697190450833,102.5801602471927,31.298794570810784,55.585372355735046,1
4.8527368913770434,1793.1998420360183,44.93027026703569,30.560504862893062,54.16471424831626,1
12.688642133444873,1112.4884080042648,49.41545732284084,30.217026618615634,49.139205020152026,1
0.4467518424638054,1223.7077662875045,119.40284818851504,18.75444811384504,71.95733040353763,1
12.235580390575143,974.7733910396252,69.73082987822941,16.767698939690373,37.26633462102521,1
4.299636144123658,1348.7213622958839,120.76514937516112,28.97897656974771,55.284837189068696,1
1.8606559315626783,661.6381961360364,124.25124418190038,22.366944275887025,33.10207084782772,1
10.481383763925844,1025.7304586428172,129.34653896088616,23.646924528066947,33.55778394389549,1
9.471248417020272,1951.05971573646,137.91210919697505,15.62298185586782,58.69329248385482,1
13.174333001553089,813.013492321804,67.49285697442795,20.191528985500984,58.30092124439105,1
11.052558552677898,1450.7786632660675,51.23568865656513,15.67352807748928,73.90167564222284,1
12.071865862734244,920.3041027595118,89.41881825614651,32.583715452024954,57.89368378300366,1
4.302315131312467,1637.557001098561,58.820001398456,19.86793366437061,77.98955102024252,1
2.74384920231787,609.3978571493597,92.15575418603377,26.146743391460163,32.43474241999649,1
11.284159799448789,1951.7136721256716,107.30995008335456,15.779586413222608,34.90038423903705,1
12.121837615082233,1126.0632662138228,104.81872768135985,28.33694782611316,32.20329307851907,1
14.858526615810032,777.6807413543423,59.3101686179176,21.460546915081878,39.263842516677,1
6.248003385980255,517.5947957280202,29.19472924631916,32.95838373915332,57.063505547083906,0
5.643069478312469,671.6126481400652,67.42675407702009,32.762363778680715,62.2786090713714,1
11.668553115055753,1231.6383176896284,25.676150891876766,21.505812367234956,32.27925789743344,1
5.177972749769966,939.205082290058,134.06407010165222,33.019217913809356,77.29854449227997,1
13.968284151493114,1726.213385412175,55.15223180698933,34.923153469975574,72.10826883251906,1
12.890350002460876,1089.4200378588894,27.39666334738195,31.508313282478962,44.83062410785466,1
6.492011007887773,797.9428361402079,8.689925186333877,31.897426955104578,33.8593765113234,0
11.28797891009331,1387.431978566448,98.64424601154022,19.9801747221818,38.49435366095287,1
11.342688823861767,1530.8435470167133,97.35083603093777,26.534047977155126,36.34722068774863,1
1.636545645655396,667.2670526415197,54.38760415428729,16.345118279347357,36.16418896494734,1
13.548038309525543,668.1907460613082,15.398223882909395,16.898358736433394,55.9280844332867,1
7.628260349473071,458.67428309366875,64.39618975980864,34.97785224066581,42.29237212467002,1
12.41421624500535,1578.2432241050249,50.12653678419207,21.53278498851822,47.90698582645722,1
4.868739055356115,1462.0872441948882,103.18249276157636,29.963678240976925,79.47526666921613,1
13.443296104593387,1159.4094011997022,92.8379911706401,31.13330106053633,64.21571244626725,1
5.89910501313903,1750.6727183507155,57.866090588643296,32.16046542014458,77.44903335235007,1
0.2614810070564456,1689.072244720085,36.594420366973566,34.95256594804313,37.12782775165578,1
13.590191448647028,1336.5669830348033,148.26521509256082,19.829929705137356,49.106973741628465,1
1.4601714841133902,1789.2340488212137,70.83023507343665,15.807016537193995,57.736590164117715,1
4.857773200097181,729.3459360588292,104.79976418813438,23.22383035989172,33.8379030944369,1
14.255923309056993,579.0713910363646,25.380180298862314,17.60161339657894,30.209372181397892,1
14.264046489369585,831.5993784271834,75.41050645061269,15.448517783241103,63.521716689845874,1
8.644224533036963,491.33896974290377,8.992824381072495,22.208536542829723,62.09097584007176,1
9.514374461330009,1249.8712448016513,78.29099209701525,30.67476502150473,50.539440499980586,1
6.7818382774769645,1898.5691076719384,144.78252403206685,26.323613824501418,54.48220380160163,1
4.468840498301161,462.94966506961543,60.70997338294103,21.25555978420708,50.772150029604475,1
4.997101726011747,595.3758624160429,10.654421823362181,28.086840109854393,31.200252242244442,1
10.120524995547873,1123.5184452534963,9.488589683304813,19.640363606176216,46.76858031087312,1
11.310380488621432,1894.2000280446478,61.25808019229608,15.287628921441701,38.85411276986449,1
11.894527751515144,905.8497679628008,28.203615787163137,30.287067728728548,34.921209455068436,1
11.865310327638852,1211.575693901428,8.386053967586957,27.474861697280183,77.83602169446749,1
1.4589709354254865,466.51657448062736,114.65097402277564,30.2460524900192,59.96798625210828,1
7.466862540068464,637.3491215393421,71.48583628787415,15.778760333753311,66.43281421183013,1
0.9576255242479998,1978.608196734155,46.9404919360349,31.742392556613044,45.768187163305875,1
8.287980346623659,1944.1899142976729,135.5120615373897,27.390524000726067,49.65735647470076,1
6.678804470463318,407.9039694950554,21.840149229076214,26.267907014252803,41.84619969483617,1
13.326792323098667,1922.8988566771823,143.60823019852128,27.492280962290632,34.84828354827124,1
5.328633687025972,1422.5919005048006,50.52517401971616,32.28866493736729,38.95158187207919,1
1.8442985447713276,1788.6692712320355,133.81853248475878,26.73873013117814,69.8757022648243,1
2.2305760625872546,1127.5837690141745,92.42671708952193,26.619007597763584,63.87729025918879,1
11.446508412590337,1224.9536457268005,124.87256716251568,34.81358314131532,57.34644379927384,1
9.31144914341229,1182.1545284110723,147.6819086655173,30.13460334137136,53.75449364333841,1
1.6067278742295747,1466.982812073767,46.81878848371813,23.845876109022704,76.12171418280622,1
1.353191411113462,623.4420076101006,144.36464538410098,29.147940000658554,33.63674738893342,1
10.544440058740888,447.9577437962847,61.47487476085095,22.78460943383577,44.0300406618958,1
1.1841687948264836,892.6879065459054,60.89922618685374,19.57750924966998,47.4968926785357,1
12.345714883426307,1527.4892203786346,54.35613011690332,26.937037537755188,69.12129061063939,1
10.623009184631794,722.9655233967173,83.50410306539986,33.56364196227903,79.62573100809857,1
1.3120968315643067,1477.4918933198678,27.351031260880628,33.58279040030925,42.03352573785765,0
1.3640819398693598,1951.8592737716326,85.28816537691162,21.838105562109806,73.71536670685403,1
14.800929719667515,550.2411452630695,83.54719779945059,25.5535493244339,71.53113802158956,1
5.676634856766192,1476.163389160202,115.47576282770615,19.232717971397225,41.23286988208833,1
5.622567991296674,1110.0003508873137,125.87924448094991,34.91262218997767,49.966629009961125,1
12.210713552136788,1789.0276070040086,68.86399579530149,34.62235815735872,50.483643464625956,1
14.214003803019494,683.4396631158174,48.8383211559666,27.990178594148947,78.91103342632792,1
14.791415850960776,1508.2015235618633,42.6035601109787,31.088281193549467,39.044595068944915,1
11.32533496035823,1740.9844634369763,33.22045632220643,29.302003225674,69.9578985552391,1
5.706267824410645,1911.3827511584373,13.358899418858607,26.863164380789364,46.7096357086555,1
1.3441606788101648,1493.1968452634333,54.65495693103343,16.066959939777952,66.54351728880802,1
11.679489047318809,1195.4796224134836,44.18591535896357,24.09528685105322,51.000550214783146,1
8.420223321063496,1388.5555843219422,145.13052095062906,28.49572604334821,58.917988155827004,1
6.420907937779947,1790.2479751659491,85.86777980625637,28.550632277673692,71.63058866630655,1
13.604680337911566,1312.9755946221276,55.35517065942359,22.46245236844767,70.20827824919421,1
1.7568424863616552,448.619295514939,89.16780214408591,33.833839733160616,73.321159176985,1
7.440114053933801,1889.5179128111645,25.183521695125847,18.34714064473562,32.980866267232955,1
0.2691693070345441,1503.2428016504978,69.38634363431942,25.00718892431121,64.60252765198724,1
7.083043565712481,1482.4214172435945,95.80397660605425,28.817679531016456,36.999368836088145,1
0.9389188076593765,745.0802438363474,75.89018560990544,28.942716117836184,50.79092840092055,1
1.8703869523942718,1454.2167523722514,63.257926094877014,27.97277913537631,57.42942075273442,1
1.8511410769788628,1030.1830490466537,149.10801639045624,20.505764269037204,50.13697423734153,1
9.773233501529347,1441.9727632663873,132.64564051159442,18.12413137373244,55.980583790150376,1
11.216068701054807,570.5488484927852,95.39386393311882,27.718806536534217,79.82631543993097,1
8.792194599947678,1452.5524873648576,87.559717371431,26.986042322788755,36.760865685642734,1
14.436370972270675,1999.0619612330665,94.99576957456469,18.58712020578482,63.77280226682128,1
5.68557163490319,477.13926217688964,34.19025563425282,29.102782911411268,49.80004831928076,0
4.357110085599724,1963.4786947541077,62.2949727733262,24.10343983467313,36.65048994536644,1
13.042127010022957,1051.0527371565931,10.7216322691804,28.35521183206306,37.936838168715475,1
3.4315779939398445,1793.2055205396146,73.95417543558986,31.747341595403014,77.46365531228085,1
14.452015837665108,1651.8167744932375,83.73856467386116,18.394568571538464,73.9800748355881,1
0.2811016728782635,1307.2260175786685,38.02371173496539,15.382897359936734,75.3520980207511,1
14.551194517943822,1581.5187348021225,144.7841828389995,30.582051727915736,79.57663879136933,1
0.7430826880635841,1805.6248980821567,136.87091858590009,27.19394850305232,40.415769500425895,1
13.37803239410126,1046.6245146416527,109.71076914110635,28.992791392442435,47.77196686820309,1
7.962746525385867,923.253058501182,82.34106117097757,31.76309949977285,63.46095149624333,1
14.895175462177574,1468.1494169017355,131.1455281489143,31.05621869649001,54.190126993032365,0
1.1995688145574432,1692.5535071060137,23.94458985440212,34.21840293857649,50.91947666891667,1
8.35242883757968,1619.6562156425853,119.62392016985832,25.718701577042363,47.890562466779656,1
14.542607780724575,1676.5018381738153,23.099018025193004,24.769912653198105,59.689031597172615,1
7.894157878135217,1096.9333037006927,120.16054606966378,23.0377439978146,58.7796714320041,1
9.478039708215412,1708.5347458800345,44.98629739644676,18.07382085688409,38.07289170321201,1
10.466655465870796,592.3344885929735,132.1781342476374,26.45214465764045,53.58699187592195,1
6.872661865039821,1271.1825567373594,141.8861036046827,20.540250486519575,57.67358881049249,1
9.450615393252544,409.2138567969945,26.575415563741767,33.42615024425951,58.514346936569524,1
8.806283247654193,919.3373278404325,72.08796273448206,26.663816085541953,40.50535964561759,1
13.527254356315735,986.3384557942366,147.24316983358935,26.856803610162203,67.11356961261434,1
0.7771510670877223,1033.8763065748085,75.09407821610625,22.098493217540202,31.25995474105348,1
4.286351524924232,1512.7475307037794,130.21439076460905,16.03978703955415,47.74159277715813,1
14.261131112740726,1021.6929620325532,90.36607070904138,15.634875307459772,69.01063242678168,1
13.364930379974654,1117.909796196049,59.42283664834227,23.466702883063952,58.19464605277012,0
6.889285616507123,780.0706093989239,46.43861555125118,16.691307561944758,43.05812162554301,0
9.339975707242898,997.2028666069441,34.46734820748266,27.136939110802782,64.74765596715238,1
4.232979626418877,763.6314036210424,115.4607377497661,32.61946011279315,58.36954720780367,1
2.9030052798840438,517.1134780295098,61.04837348933904,32.65829633037444,69.81218047281936,1
7.009106233605734,1365.5177494102045,79.13494201910892,28.18090820264465,66.75125930949116,1
5.364948197588187,1469.140477688026,76.38719460017138,19.224636629458622,60.50539610181173,1
8.796476066577993,1391.1845536153833,88.70545923880402,32.25993662717744,54.4088837655407,1
1.2582460907782742,1141.5904700809158,130.50868611556007,32.72186870626416,36.65910628337617,1
14.618482634225881,1007.6572482867678,147.20720481959725,18.933071699059173,43.06665089426919,1
14.794540092746082,1781.3338393149204,64.09971024320345,29.748521715413546,50.95497364585427,1
10.502609538894202,1230.530856217949,124.99024370541395,20.73039097854246,59.964964350319434,1
8.087835858527393,1166.6910042075697,115.85653022493406,31.052806247058594,55.68539276076524,1
4.7119614826662835,441.0273052902971,88.16169796105812,34.94475799807205,44.409226297976474,1
12.225545793633534,945.9965242018502,143.6268358237303,15.600520106587856,30.323217889485527,1
10.302494471052801,1008.3129900573713,34.0688047516184,32.94731731581864,54.8119610950407,1
2.5229923962388803,1038.1164494350407,20.843310494895107,27.45261067197316,44.281299428112156,0
13.672815048958253,1328.2757907637315,128.8244852085362,34.467652383296425,66.73041503552676,1
12.355804919555219,1253.7640747630055,68.6767234118935,24.300190350528553,31.197313263524176,1
14.252018708049668,1372.6481484695114,127.81048386002377,31.947758611427474,59.24139056528954,1
10.913220674986563,1623.8132184674052,134.49807975333516,16.247881371965544,77.07371187530327,1
9.239886419443268,1700.7771819457496,14.05635107476536,21.705581001565914,38.72046335557498,1
6.331821240730221,1548.996921962391,133.1023906329788,16.340330755024198,53.58247453752977,1
13.997654401974797,1928.8379135278956,70.00626302856621,34.50686266958141,34.57109959085691,1
13.004351953556084,429.1721322821786,79.01271090561367,31.339478145436736,61.284095613067635,1
0.7737581845822221,713.2447770936737,95.85591410851548,32.05094842491941,57.526584029811275,1
0.4928679200090549,412.1005999650274,139.32547797586258,33.75930462867788,50.36827621064162,1
5.709304166482939,1435.9595426473647,7.771833692315784,16.702069722395706,56.06885107368706,1
12.17724462864931,1836.8488783199791,74.14230290608347,22.711951850266665,74.8287329234505,1
14.810414326792673,789.5716745220789,104.7196961524313,16.420697780880044,39.814715115553355,1
2.34121167744257,1883.2552716740906,109.79250886624312,19.215862031000572,31.128225585267362,1
8.952547658746813,496.4278244632974,105.41720257288065,19.587315540753448,73.08324423495505,1
5.77527376380222,1895.097642888823,24.49309376417767,24.382144220951574,58.855854119395325,1
14.551724527437587,962.5962995834151,48.41236031389378,20.371243349072852,74.53292277309211,1
12.647571954722059,562.2733255187464,57.01375118546695,17.019562136355223,59.847261170658626,1
12.591097700195954,1177.394814698121,121.64339511352823,18.349821781882156,70.50805449798511,1
7.083528080945057,810.8425083528127,45.42018150011019,17.94551127104182,51.4836681677574,0
6.280810584831211,855.7966431390765,35.552219760744464,34.46153595824597,67.49299656441343,0
4.173765371767523,891.6639438820584,143.82996276052396,30.185850138369474,75.6520733444928,1
0.939994900098814,1684.8414365322615,6.28517634145299,34.35522930539124,58.60614818611032,1
12.984363406200293,1262.658042680407,149.68402407388683,23.79480973015817,39.03925752811898,1
12.212225036038156,898.0923186496059,103.13908833432237,20.567369633253133,43.43988075150991,1
14.995793331963347,1376.5340532974694,125.12804842012197,30.965863944183734,39.93222884487029,1
14.949888872401191,1545.8410787571097,47.71981247019801,21.525078360822935,42.342851379786644,1
8.375932413479148,836.198401173654,7.075715261723697,20.987667474106964,45.32077246755182,1
11.557912486189606,1061.6785624405625,111.99108019142186,19.650119844156624,57.756689337659424,1
14.177009375248177,595.0177493391161,125.95096656509799,17.593579564484706,59.39958147319164,1
12.75974612109343,689.8389592554885,112.36903913326027,20.12926122033532,51.324987362093054,1
3.7854867159736454,1489.7885663439724,25.713291658621596,22.106394969477755,60.77103899104177,1
6.813107616120393,690.3013563130031,114.24704872726052,28.47988416291461,34.078746280568296,1
2.0244752857572754,1240.2614138672961,116.49380340560795,16.25129684438903,34.389411852908,1
14.315360306154963,1534.4740187558923,100.48837477215795,19.21013879330686,38.59147301788292,1
9.132002053318113,571.0030769515902,116.08681025536,31.180472805833528,55.903874902017236,1
3.5067778020015945,1307.6995514062455,127.65860875327117,17.938438471675415,40.69973393491568,1
10.108340197647266,810.500453922182,93.97259656443147,21.85290293045043,44.164220174628866,1
9.310110782822647,1940.6830003801276,17.847683525603465,32.2931784371628,50.015641808649704,1
5.436624498689323,1173.6730347518796,75.70603240174557,18.098506222868853,70.59330620051898,1
1.7920081237744725,1689.588079640253,16.259153527382736,16.6547367123638,30.693106795643004,1
10.106440614332714,1280.3624674500188,64.09373949970248,24.690759901600217,62.46894101183112,1
7.85258474346652,469.46005256771065,64.030440923216,21.048390225570728,63.44382655203427,1
11.607544036861025,1413.0422009504357,14.571427400335029,26.26816728967708,69.93278901783182,1
7.850436166568701,1922.2453475306513,55.5789774255745,31.076097809669502,76.63764695301566,1
12.797504354746248,1362.5789122341298,21.09472432474065,17.742969763054862,31.00689244746449,1
8.323411897739835,1710.7021750828644,122.19410545133721,26.613981691085698,37.68918527566081,1
8.457975775877255,1814.7303413574525,142.41476376484826,25.110175207797276,74.30856470279966,1
13.16213867960934,764.927635118292,15.485888912401098,17.881575720263992,52.925928109350764,1
6.111894706564716,739.2717438531627,143.4917050572967,27.47996971057965,58.22953194667318,1
2.096826903914547,1377.5695821615868,80.77360690382805,20.472808357215435,63.15136018615737,1
0.5288618770687508,1057.6455516907276,48.43702330331172,24.75668637088025,63.95333022478187,0
11.351545109536923,1743.7780845867526,16.14500091504371,16.64544648554124,76.58702016582541,1
9.342612315166622,1840.036997436818,77.59051887021059,24.19168114427246,79.84747087058349,1
10.59078854467843,965.474206884349,120.20475395115857,21.129269360856405,66.00787304654702,1
3.27316600648277,778.9928943591713,107.52753920367124,31.447624223707088,44.36106046025754,1
2.13193498624287,1648.840824390179,12.282771662276197,16.139574539947365,73.98762011471717,1
0.31671551845144075,839.6896568770178,15.570766128346008,23.3721454983666,32.46104572703808,0
5.323754626218295,1716.1829096218855,63.41662598173238,24.168628482628762,41.55404264372481,1
8.889773534134033,1077.9812058380205,47.817121636951775,29.500121525982372,74.86928587318575,1
5.944436271986011,1468.0798388663527,38.695726843126934,26.48575150180422,42.80957572196775,1
6.6183763381535625,552.8565021354691,45.745652341763474,28.344246743883623,41.03255298108742,0
13.571964547956851,1398.1749194825168,121.50499777804828,30.540985713035123,36.906264657012365,1
5.289006458647175,1122.8282859795665,139.7380677766188,32.24405947316377,72.95558788234582,1
7.75844338848118,1338.5735410807586,63.73989070649713,21.277509934449412,55.00291295955434,1
11.776429889843032,668.8227323917815,136.38609530921207,25.760454107278058,63.74466015270774,1
6.008487456586925,1578.9979919106913,51.61687668094289,31.802161568783998,41.953319203751484,1
9.369091833395315,1780.4753240691657,74.08336301984978,34.78902261930113,67.90202105056082,1
12.949219260326503,746.7836801452411,37.77420468331996,32.79038622087526,68.00027724810492,1
14.247857292498868,553.1432888322588,97.86902611549738,22.429345252487536,45.629901245415006,1
2.2913948658426655,437.82173767413826,146.9522617003473,18.903330344373007,50.53413165051414,1
13.906155614906266,1427.1544007092257,92.50649892628991,24.787850748131774,40.484513871510046,1
7.432532766885119,1371.3504577420492,56.88304219646459,29.832829036720845,78.82805116614522,1
3.9478413856544794,1274.715860342512,98.93352966862662,24.85138141506595,62.28012885292058,1
6.941122767950093,771.1153537855607,22.823498377481197,24.66361726627337,76.72719403577577,0
14.702485371753609,1025.4495934488236,133.8555666384828,31.764608421636012,45.16927718145666,1
7.440009600493757,1351.1621362978767,77.94717286307628,22.228075581343727,69.09454564984449,1
4.998398993283872,1194.826974174671,70.1557125957481,32.19589349623291,68.2929321942371,1
9.537672729319214,1980.4568323438198,89.95039432576029,23.136096019034472,64.58278259332707,1
3.678169719795077,618.303604090773,95.59366010446335,21.56466211356679,78.28194876334001,1
1.2303635888190925,1512.23128647615,15.40749190284439,24.07979822399398,49.67776680531578,1
2.0203078564686736,1046.9100289668675,103.97949707739335,30.24893917349737,36.53586617948787,1
2.0078830004708093,1085.1193838809836,40.08009364575179,17.520040557279884,63.58544296220304,0
2.363350133333186,1548.1564250530819,108.52313171345553,18.928384317440347,66.46549002386031,1
2.168524872476211,1507.8978421189913,124.26754518570853,34.02889651326184,58.75302867294073,1
9.649033697567898,1986.0095899235014,121.57398359511544,18.50983254762715,40.34089465666982,1
2.810013257547258,605.4308631266003,85.11264027414393,26.354546358621093,55.22279708346777,1
5.250442521525562,566.5754390146661,80.42463438505892,26.586289333238756,45.60948682845647,1
13.462147307599576,1558.9421074059858,25.7170143942147,24.792489241004894,51.37332640833445,1
7.1620284399167975,1325.4190672102545,117.42519180845466,27.89490497153637,62.260928792233194,1
10.046610303963305,838.6570664956894,44.35436016477358,19.59653451595237,67.26073713454173,1
2.667566080904285,527.0709903823786,77.02083630860224,26.053245355534962,41.611234545067155,1
2.965106380249195,537.0531993542888,46.219743474489924,22.443465104937943,50.26626803234767,0
0.7089423823705351,1830.7053994625892,24.405112634955504,28.23334519258378,43.45807854958146,1
2.617132439775252,706.9877195499887,96.2858660493018,17.82447086746299,39.93158069309345,1
4.250996051576183,917.3944993848332,12.878145049321056,26.417548336789523,69.16936099979192,0
2.737456215723528,762.6502435631808,113.553558948299,18.705407107666474,75.46263472184961,1
1.4216677529801287,967.9940893310996,51.05008531286192,20.572861262300727,48.51160928422884,0
1.8974744793989522,511.0781483937494,5.019530485650371,19.374196006471664,67.56394621868834,0
6.965603643687614,1230.4956654532325,79.11372518939832,18.656755597376343,74.84976446822056,1
3.1743724042463084,508.18010174754386,11.793526736502454,31.51421903121334,72.30621052651158,0
5.527620929616324,1680.5704125157786,45.044585884030425,20.714151353217808,39.140669426961296,1
7.600917335737368,773.9393310566928,107.51159068107884,33.54247563728899,77.81459407566807,1
10.386882946577543,1264.0190633672169,14.08999513517055,34.39853050690382,48.833822021473125,1
0.6857508836323741,1808.1265400983332,126.70408139162033,26.42520939874195,46.962033058691816,1
12.011214943744735,1441.4037904755107,5.553888785494551,17.860022453314528,33.121566363889016,1
9.455715803414526,1252.7324584821365,40.789461034275824,22.490964867591625,54.30868270524415,1
1.3182095760381916,918.934004984601,112.43108814205036,30.95464526696428,35.45068078204643,1
13.116321499190981,932.8030608931167,50.859171710749486,22.34781457394141,42.4269910463713,1
13.820998767924017,1471.1791283171042,19.774396269571962,16.740344366055776,45.847131088364065,1
1.01006160183747,1990.622977953868,57.233918226062045,26.13569821856376,70.4413161745842,1
4.225476957393335,1458.9427037590058,44.207026525756206,31.902417029920695,73.77443251979483,1
12.112399068916615,1292.4534677920399,127.19322581328046,30.918527742870047,45.12331587307348,1
11.24906938671651,1569.0408163827938,50.43544804984575,18.502462802607063,72.93490606222869,1
2.849363188410022,1144.328979653949,119.39520840752105,28.455292288249332,72.86154686848955,1
3.2193049177169835,496.22774816125633,134.32146099755653,19.41008526871294,68.23254751924367,1
5.620034331591591,1299.6749054046556,67.90352583859678,19.364150691043445,37.334755700759075,0
7.3193924793462175,1932.2004552086082,136.94175585888684,32.481435466103704,64.51614234503646,1
9.31199609580141,680.4847077722554,59.71111782466296,19.993379054804603,77.25120322902845,1
5.596813229589609,1504.0078253130653,144.7913703910657,20.264946930360225,64.12702393835785,1
6.991767270383903,721.4939018544903,17.946981056208074,15.013067815225991,46.580842455391696,0
11.237316978192972,1257.32429515693,104.6177936429702,32.41338068251035,55.028965871541565,1
0.6465797230699087,554.6823194347514,76.60303586625466,30.851896264182695,62.28625216755268,1
3.8613104707259094,1120.5934980130962,61.209076791068824,27.54657870181356,55.52852043642518,1
10.728908829679831,1609.8613262323938,96.74322241854713,30.005315278776845,35.99764708654849,1
13.43858188153927,956.1144387823713,107.05927828697803,18.040971348489837,45.603202232601035,1
7.7239938875234255,1463.8587591795488,5.632674099294817,24.16647189175151,70.11980152768163,1
8.028490930453204,1672.7199372635666,29.208197868343813,22.02438774697562,73.07090230477587,1
1.6968629689626633,1883.4845111671243,108.3916773419762,16.87553052514033,36.86500163577851,1
6.766444265669474,775.4273309687256,101.62588496883994,24.72260970429848,77.61933761993623,1
8.035997270179845,1038.905465294893,145.0768882436582,33.414793006852705,46.441130892430465,1
3.712810504157472,643.8656213286679,115.35047958636353,15.80118238101389,63.115686936536,1
4.111724141145776,1987.9736034534003,142.86204262104403,20.829218269875877,67.59125729783406,1
5.721534030258877,1883.2015486788725,106.86837272254701,19.150818724114067,70.59731173189417,1
0.39906084688812293,1263.9314084488954,48.217570252719256,19.762933073313924,77.2874851112965,1
4.898979567189357,1747.253271002274,20.277913726374187,33.16869103758751,45.64597740144113,1
3.2505753042485153,1233.5327636352677,118.36446018501566,24.361381084685803,72.92532272757772,1
4.979710547450928,1397.7371008044156,98.40163711400781,24.325988258796375,36.584345171810355,1
1.8844557641068433,542.5990913856266,11.986971797027953,30.211512849105645,65.25204531767963,0
13.368856483024436,1608.4326727948926,57.20731755564186,18.089844080098516,67.09888647569929,1
8.944527557955325,604.3415738163758,143.7359732452215,24.745307082001016,63.88616206006602,1
10.218624555252894,1721.7082084040453,77.55816612797918,23.599704282421193,42.61573680675765,1
11.85865145524934,1651.2449402726174,67.74572472285718,26.93821381093312,73.65215735076018,1
7.526788764042953,1533.9915163887622,71.36644274809763,34.99115406500877,38.44292316851975,1
1.3951122925026131,457.8566088396194,35.287994980748735,30.38897788164094,32.681739576041544,0
8.102887473096361,885.0053695125257,58.46253977539531,22.957314060348544,65.87324953059561,1
8.843932658511099,820.9801118573486,58.62292211814061,31.55106104548094,53.77378576163669,1
11.207048165346517,976.2182519544306,12.591477927183497,18.414167266249603,72.4549009979338,1
6.5317272388222225,540.2283948221417,116.29730613509815,15.609273726179202,49.169857052912946,1
2.0009465116539,1899.1325168497006,65.39314262606246,19.088967449285462,38.41392942538564,0
4.328260996400994,1286.083585139802,124.21608358838138,21.808231122285193,71.82210962349349,1
5.509926216339663,888.8388970528376,128.30046016238484,25.211615149191196,57.44548158200358,1
9.724166895840858,1035.1704273188534,35.73913793130542,27.302582810823996,39.45978961951774,1
8.604596739566787,1115.524064807737,100.31625491466865,33.21211434428844,66.0191999293223,1
5.405841215877909,1360.9509333769877,73.48086160363235,25.197080191009153,55.555681924475024,1
14.799077207015397,1225.0870843143964,132.62272699861535,25.025512892514588,60.215649112015996,1
9.126044808417618,1871.0271571430678,36.28239848058585,16.004860196459642,53.04491691032909,1
3.634679196866318,1195.1415726493283,103.28291404495641,15.698231053124477,71.43544919090033,1
1.6165588420440158,1987.4528237173004,93.12405772664478,26.023199238327443,71.4781357841525,1
2.3776011738465472,1762.2799323921531,47.81871424791575,23.76357226496689,65.46944109121931,1
3.7647701529291715,733.6168229717373,24.807131029420027,31.783607899605972,35.27006886982311,0
2.4941524615673796,1888.952343430266,99.4877652692051,18.213591694236904,71.94269309520345,1
2.879848658364456,586.1862366167618,112.09663142918795,15.499433242340992,63.55064902664549,0
4.3479180135383215,1707.9195335859065,50.76596484568575,23.980775358602518,64.85120830021498,1
2.683266569891847,1008.9972695625281,98.5007275832355,19.74957113504515,48.14914202019358,1
13.461804826933735,1804.7589127121112,62.29398160366797,15.992287466776748,73.96397780785034,1
1.295482810358469,1788.8907041719206,108.41499807597957,29.49196573695258,66.26858001174287,1
7.915219704596795,1689.4806401881938,33.886214859637704,17.231859999144948,35.629523326459726,1
6.214912722145956,1664.0486980912983,134.08117538224528,27.166390000155435,50.388901720308134,1
14.737441391938235,887.4866225568653,46.67439148750906,20.620995003337782,74.31901809800709,1
1.76937964230398,529.4708528820036,58.32896822464217,18.46992100710044,32.35983508486895,1
6.0280484257815505,1044.7682860242585,13.423333051650719,22.595030458386347,78.07083098210248,0
14.545109455802995,677.6392239784138,21.169270786585077,31.028915524459073,63.95812841597814,1
12.996056175820305,1511.9217422439388,79.79997589328758,22.841871538091453,61.568798882168835,0
12.27437385714427,953.7595624604569,43.80093812555587,30.015392984221116,43.527962824399566,1
3.942752122969604,1960.9763213758638,126.14463273261819,17.509725935983013,42.439589436958855,1
2.646225052111981,1425.5553237525312,7.130541354968307,30.45542839330158,77.10291097442978,1
10.062783976874021,1715.9689018149775,59.96863705743075,19.73866649813297,44.91362271170614,1
13.947702238001028,612.0394763869575,53.91510428151844,28.547862597777456,68.77526483594997,1
8.395767105907554,1779.2231716361962,7.80250648305215,26.315631096819928,49.656089910353955,1
8.617029073101508,1876.411504821431,23.03341785507398,33.58289434423375,36.9627035392352,1
4.271688495538234,1179.2990701102974,64.97818786320212,22.74645035950628,30.535764884767946,0
11.56544470455986,1370.004700401564,76.46536474487976,16.32330377668881,57.21286685076254,1
2.886951853507098,1623.6956814447926,63.62201335195602,15.383109711025059,78.78894092744663,0
4.922820622423231,679.74180361666,81.9859633697536,31.53717121945506,48.456809690460226,1
6.43900293538461,1204.1057223415078,91.29409286132382,25.494712753228644,47.85961669965224,1
7.66339464239838,1037.860844435701,6.438954063536166,30.504881036698986,47.20458089247211,0
3.7119050129846958,634.1983874595985,72.29379812075807,19.688512000230293,56.027191865242926,1
1.8110686886141327,988.0550756664503,144.7073899287003,21.901674910264674,52.033244171214676,1
9.198238632380326,509.0756950167897,80.25968061878456,15.602077444226378,73.99573133635073,1
4.4005952432798106,441.2990511191792,103.24362878154821,34.22984649148224,55.27603958617452,1
8.760449499196923,616.2660626477164,50.22025939794806,28.357358134016266,55.38789190942844,1
2.4000044575856148,1940.9841785426781,117.22874983215057,33.664101755186124,36.91857973602783,1
7.268987517636781,1279.2472574320273,117.07361487203669,20.30992814858145,79.1369770455193,1
8.03558254501863,1945.315457845152,80.58792690985015,27.229272224513217,42.498644543441486,1
0.872170698654161,1091.9966053282112,146.52200437548598,28.569999365852755,33.66820337298013,1
5.1154037450894165,898.9058129364153,23.20478114058474,21.35099400515177,63.15731244876044,0
2.1027786863907165,1209.8269805443906,7.457411408989244,31.9621847003126,59.76831850784363,1
1.0442870600442395,1103.218701812656,116.67294070477892,33.943229258004955,50.75728269963729,1
14.850407462610184,569.0634948187903,122.03755291790797,32.69710235392009,51.1096116940339,0
4.903072290123372,1425.32210350433,22.430048222483556,29.78133951878745,69.25319605232156,1
12.16712924323406,745.6610920153594,43.50951077899788,20.54929359449908,39.78563200498245,1
3.8941457559800816,1391.3407278365273,7.545092688161192,20.632320842112634,71.01266594724449,1
10.254390561136546,1440.3217478370455,47.52974856318188,34.26720640892076,62.437355694750906,1
11.42739511235633,643.239765005837,117.10557171820737,15.20568991871384,50.94848868897622,1
8.97501723505688,498.15940337706905,80.10427651832394,29.32099946484289,52.90143082919343,1
7.12648520939736,1649.2185377095036,55.47386100940177,29.124923251105244,42.832360359304786,1
6.236429620794301,1135.6806780309123,58.902197761417895,27.453790818995948,67.60571663484873,1
5.298137171490629,493.0620728087613,5.196275728742882,34.80217692173731,55.64373711526339,0
13.949984249292605,1991.7861074716275,48.471076496959206,21.237588715274505,46.04272713749218,1
12.476229176037164,492.44889759418663,98.73651753749992,21.799437275864964,59.80250578804751,1
14.478900968931038,1512.056366173685,146.25819435337178,16.57878805893111,79.78672260256616,1
1.9520286299346166,1973.8862804214618,127.82381991266543,23.85596273087475,51.76311398282769,1
10.989925380534299,782.688166745481,8.421269873601723,20.220970524696963,76.03457003893098,1
14.081272806633464,627.5989898995139,135.2912876778517,21.867734043552886,47.2508419962283,1
2.800372685868336,594.2159030758862,118.56376992830076,31.691435805112555,32.736635346249294,1
1.0907943837649847,885.2402361081529,118.15453791779215,33.70969027054991,40.21210531842144,1
11.14269767442188,561.6732976170347,71.40938505551786,18.71466144010371,50.93475716638421,1
8.659649386380687,1507.4581467106111,62.71076747840291,22.450178631069317,40.98174642972845,1
12.643248773698254,499.6668770081003,48.92278068081293,33.572611242307886,30.011351910912776,1
2.1826084117317137,1215.0754050396636,14.525754548383038,16.236169213784454,75.75007688737637,1
11.949482946712363,1994.714966164763,38.09412770658637,16.84721056222757,72.19397056154645,1
3.1042470687113934,1702.3524312096301,40.75752707181357,18.255819784124586,67.11461157434735,1
2.538473548698997,1384.3511011696173,75.19117510797923,26.904256682537493,38.390729782301435,1
2.547560389171795,890.0057932585787,113.37943895652063,18.00944542011995,36.0181788104993,1
12.237163331447594,1398.2333380666214,73.70242511770226,34.361527629014674,33.38023747361916,1
10.011438588373382,1243.2663422586425,13.387445169838287,23.934290545170406,66.20145943864605,1
7.8936748290598775,1081.7334142245945,143.87952114328957,25.03035920700333,76.44039803439426,1
5.446574213440187,609.1366027843192,141.69502626864627,19.93317231610813,51.52679104565185,1
13.170288058115313,1818.5667443847467,118.85248375651922,24.41920504869467,35.95703359980241,1
5.9474321005972675,1119.655438114116,148.74254572681198,28.23827265274023,55.61964103660533,1
12.267331648126499,711.3960189132241,83.94993825603812,30.023542739080856,47.4415953729315,1
6.6431101376962545,988.4149614036634,144.60141078671487,30.07736165419826,48.741246217499885,1
5.716471998431123,1062.607604046283,15.962730889428862,26.557822253881767,61.06653120778536,0
6.993928806477136,1724.0606329069988,58.02370849789884,33.08719549987714,65.93590566311012,1
4.590530325045717,1573.7830088982432,37.68028386098105,31.348156946122188,35.53017994365804,1
11.239379764626142,1630.8878298261436,33.39579719946916,30.140962293972507,31.77951154032382,1
7.590533812377939,417.6500230858355,25.416427589438033,16.112110433609214,79.71651513428574,0
3.559969157687578,1065.8463970876185,95.24997802706952,15.137559244392985,41.636417445777596,1
13.50366114179107,1170.1506426165179,118.29166908335924,19.248945543909457,32.691526245422956,1
5.8199791984608495,430.7076429168907,88.8532679159523,28.270471878269046,39.493766454796,1
8.19893763059843,815.7011339920548,26.309592890290403,23.223949777650915,31.94789231742321,1
13.60643445337175,1616.463716995416,122.61294664035329,23.048125185986237,49.59054473085858,1
9.401146139118483,619.3755291663985,97.21343253874063,32.691737764592276,70.12008922256621,1
1.8417808065546248,1256.4962103241467,61.28402738841435,32.91125696263677,47.06222248788603,1
14.10349864184078,744.32299522758,102.74889285272913,33.18350528107172,52.20917034391833,1
9.452849990764125,419.39323943022924,42.68622199021076,21.277561530300545,63.77933867837194,1
5.090093658390583,785.9223321592664,55.05287023166052,28.821116254785235,55.44470350349401,1
2.1751538826844703,1961.398007856086,138.03544725413857,20.432663625487393,73.07228430106622,1
11.93097532012741,1682.4593790127833,47.123153322355954,18.812196661488997,73.30178375228783,1
9.339084063334852,1935.3226309136535,73.1482988829008,18.692649146947385,30.495534774557683,1
8.048570270447192,1180.56647028218,134.07046492242213,21.84215241727188,68.90231532415996,1
13.418999487459269,575.5779178840056,107.61959578879149,23.599152395596434,53.03668001208369,1
11.850098447245507,1276.7351823579088,14.0194677938819,31.61898342110137,79.44202706518315,1
2.3599557080179925,1127.0037352959375,26.358941420450698,17.39782186945424,54.16160379377176,0
4.744658810153668,1750.9713323833855,6.1370306619279384,29.698516947897886,79.34479726941487,1
3.80248818323554,556.9321292547913,96.48365958322869,25.629098283786107,67.72846806028683,1
11.184799759332886,1181.185819234845,69.91264668451066,20.75890685351985,42.430244230665316,0
0.5996332775631128,640.0778635103748,24.469853380829953,24.856391690656494,56.91974896434789,0
8.591356304582616,919.481483024096,143.90044755323171,20.998841395540452,79.60678197392915,1
11.460634417536289,1579.7713238204794,81.80065997211489,26.921639104766122,72.87653038759618,1
13.163807987750067,1161.6290069900265,40.07452764636893,23.676878457104884,34.868344689561056,1
5.197018055867021,1001.4212562332309,77.5875178174326,18.288110581577573,65.3185998404998,1
12.336733839612991,1031.1620457120566,103.54494824659064,17.331661491113934,47.27897929354065,1
1.7484128806325878,1135.1148294495786,16.054686606166847,25.9339136414426,30.349113094017405,1
12.71213914684432,1656.026470139291,44.83205318194434,33.04826066572207,50.174048451349975,1
1.999581068746538,1827.335502304375,122.00999617817908,21.87915373115371,41.73772108624856,1
6.0195806293494725,1928.5354984062853,71.65140620838588,29.660002144452463,70.94346352602358,1
11.97970095011535,1659.045418008472,84.25368559468276,28.173227098795337,46.86653044228827,1
2.3337696674967296,904.6510331968204,67.75832032037304,33.63109828618962,71.37618469769086,1
3.515845788966358,1501.0155297384674,11.365491683235742,31.419620345982818,30.029896941739764,1
10.861563269056688,1100.1649984886271,29.03371807392261,26.33210517810926,45.390957501305955,1
10.828544394536507,807.4729952736818,69.60353761757418,28.140609964682145,42.0582607153881,1
9.65309972999093,1745.394527081476,35.331892484149535,32.9677293316807,41.678368053430546,1
10.43983182255979,461.48215833972,12.246959155653418,22.990375691738695,33.40933098827313,1
8.186594205879183,1842.8191874166776,127.32920128751444,21.535894117155546,39.35621352052509,1
3.8518059777135965,1138.3639433995745,147.2729167287968,15.216221672703927,57.777478494281,1
5.2508703032084,1419.5223628932486,120.00571672952722,31.531021483829285,44.568053641887225,1
2.8058059803412427,1454.9662755292522,128.7988136471767,31.019614008067297,50.869739116457396,1
13.635913363871062,1832.1883851304583,40.08668389597158,17.089090362003027,48.84334401735943,1
8.792537742015195,1418.6714914675317,144.29091144941395,26.537147622654004,73.79524624999473,1
6.0726861097782345,1382.2937356160987,33.55422714574712,24.279633963337748,75.26494995052578,1
6.983886474297576,506.6432648971039,142.95732250246567,17.37418191018223,54.647848582793,1
14.214521760216048,1229.4528351123265,149.2487976250629,34.61136454121447,46.50779751578022,1
2.384935906429595,640.2704013072666,108.19980683317706,19.29391774926711,35.34003520011818,1
8.83482449705028,1579.894029954377,147.26584110981418,16.344683601811223,77.67014396910474,1
7.637741315378543,1219.5550733002792,87.58326803723003,26.89694759003819,33.011347245014875,1
9.210668107976252,1488.3644467333652,42.633558560533096,29.777333542660653,44.882513878414024,1
0.36984173893052363,466.67664096381486,68.36440342151502,15.64886892094374,44.90331005850021,1
13.094646243267857,535.6672256732852,91.06633562992397,28.174352774540445,46.02006430701074,1
13.988562409005825,1546.1174209002916,15.596826493917174,25.645837519029087,38.214342163620465,1
8.520484435479213,515.3349375978773,95.23977336950068,17.06530017750097,69.15807154618486,1
10.480097275765695,514.0107644244138,147.2707863305327,18.45047753892724,36.12489309829946,1
13.845240779541706,419.3735603758199,32.5656092186405,26.359485946321612,61.745332957658135,1
10.63785565126964,1930.4022372791683,119.92629186181559,20.92715227026577,36.19230133529087,1
2.372831739422494,1580.013375134411,136.6453250980448,33.76631457302632,33.52678187964783,1
8.686696566485516,965.2022536033027,141.836730958932,31.374804589681016,75.47147518429382,1
9.140054191104552,874.4569300602484,144.21966263878986,34.67134413027326,39.506438315935284,1
6.419547002405552,959.5251675933592,80.61164761461343,20.19341677900828,71.0625077279852,1
11.07301911080837,1639.445649889891,146.70964665876804,34.39447265595954,57.231543555356794,1
14.02206852005832,1458.192977712663,114.80998003449363,23.624677395831156,33.89282598043848,1
13.890970842310967,696.3129085879486,28.442358254359476,21.95037590627509,77.77240957190338,1
6.817506633921568,678.574936534535,74.15051543785565,16.006990539387065,42.34805834959462,1
1.7872468830272534,557.4330395414357,109.15802042894057,16.055305157192052,72.98226726763033,1
14.774133864538785,1456.484351522141,40.864345793767086,28.840225118933095,38.44050028922821,1
12.599581488044418,1622.9962595547775,97.88920161458867,24.158579888680556,72.69714410709264,1
1.9574739499286762,824.0742853200064,101.65706946175979,19.530432520722115,30.661440645264697,1
13.820544050998848,433.5119376494605,28.591462852242053,27.279406126504654,55.58902282847403,1
13.061455794725711,531.4746679622838,86.93737030564967,20.057162365002224,68.47212897107784,1
7.830687051178474,1948.5760557520487,116.88590209189812,26.55263508688845,76.73977587463916,1
8.910003992599446,872.7116439638723,77.33987135771157,22.184174939653808,75.46010681032436,1
6.045140287664941,1630.7570365410138,6.754951932535577,31.47104453223638,70.98124347738224,1
0.9159484184482669,1399.461710166822,6.310578016497366,31.413923215335586,74.4095674830652,1
5.094438900523923,1011.1034234446334,56.76925487565177,24.547007962448028,39.960984291853826,1
12.06251638411037,729.0996195128882,139.29813992260839,22.016382186700312,44.20921478558644,1
0.1690171427685826,594.2182690550503,38.158133042523275,22.25119593118189,44.448426246052925,0
5.069137658198048,1384.0207488621866,96.98273488639464,31.11429051336436,48.85269655008494,1
6.0327135345050555,1639.4140490204609,37.20100125053148,21.563589655952242,49.666033519259436,1
8.10719448377505,1430.246805665809,51.64214850063455,19.18118747413692,57.22776623273377,1
13.805848684550131,1248.4834131986534,127.96610299221517,16.693766837506136,37.99398816832207,1
5.260555316052822,467.121957490618,110.6849091291423,24.333862417688167,64.56233318929947,1
5.269602708253792,1949.582044151014,18.832895210415543,24.64264197839684,38.37832696522533,1
11.088768596835251,1677.9427066473193,67.16179304303287,31.818174208058142,45.515424105227375,1
6.838047319258126,868.5152587215437,9.229615728563349,19.42477392892128,55.167256530307704,0
3.4466118618057315,1967.952526974161,74.7290712574363,22.619825473367996,69.82202807617386,1
6.841348790377132,1363.0105434181155,101.05293169665487,31.168114777873818,66.97346166193637,1
2.198769603659018,1331.8762531315942,22.182880421731976,31.47247221497947,62.276717820526116,1
2.7281660989427277,1596.9170870872513,46.88831614182902,22.692221519575362,37.78866302900851,1
7.525679813818248,1698.8316609442202,62.68631069781276,24.18248046573362,57.35226728077889,1
6.341989197617764,1450.3657717304043,138.33199857512722,21.06571781698566,34.37232508999427,1
13.731203925914691,604.95319418592,149.02197723632977,33.65109756838624,48.86815883983254,1
5.499669096837833,941.2280095911974,11.5121383543643,17.372875314831607,50.675826514497956,1
8.750766419142847,1884.9338245216795,115.34614890683184,33.6749884600294,31.99057197228769,1
9.520737890001003,759.384978950163,58.89998962833977,28.677329036706865,43.69940497349859,1
0.2951074031661712,995.4672381400213,61.906437003274604,25.631443053734625,77.78247336332447,1
9.986706843048987,1091.3230127107136,114.36842113531829,15.653181215689917,77.68163039148448,1
2.7527359063592964,1103.0479835111234,138.17183266108427,24.511923836440168,47.61635271262696,1
14.419947730294881,1380.7033319912407,142.88464620286953,23.154962100054647,32.1550054474162,1
2.3150746435213834,1908.921340391532,88.68277497555651,18.22437623950245,38.954746966409076,0
6.277899443532653,785.1083389320079,56.78256809857291,28.12819207001314,49.61088967167701,1
1.3717100543717937,594.4022020814689,119.194617449523,34.42301814736572,77.38898489846149,1
14.953426352504616,715.9527837758997,41.395200573033534,26.243776221290503,37.059953176859246,1
7.582705653935514,1819.0798403348313,86.79073418086007,29.295065528878915,68.1757921834106,1
8.971236758068653,1433.2973002483295,56.99387692110661,16.369009051320337,35.4341269687346,1
1.0994395130875696,857.4508627826563,100.21150568764203,23.353339916339895,79.06287886956383,1
11.27441100894775,1705.5151023497876,39.8578423695585,17.32716970328992,49.08082495545675,1
3.2275933371242282,1778.1919941814976,32.78097713154973,27.255916710730208,68.7617269449528,1
13.481008912666635,1754.4229419044448,138.14466756793837,33.769643164283096,47.12955414055659,1
3.156580643181907,1870.2824538232871,19.76153402768285,28.23555464943277,61.383443857940435,1
2.941247037888632,803.5856322773785,78.36389662156509,16.53606096628843,39.60080423700184,1
0.6445900509366137,1608.0670859940453,37.02365352963629,22.093324099701658,37.30105096484813,1
7.133797482138989,1136.863195638624,10.64484468222178,26.01326758881703,76.90320697840656,1
8.516132885612985,1747.1976846240984,10.222728652256826,23.064155122665042,75.88236389522167,1
1.0790587274824504,1565.585083458581,30.407156955344966,31.672880209503447,74.37344701064413,1
11.655361488755657,1642.3159143995595,130.68170140337003,31.293420094199785,61.27167250832967,1
6.8540036377456115,1449.8589402897144,45.959417876668866,27.23662040206443,70.41341056081392,1
7.913415012980942,683.8860311515309,142.81657973341788,22.469158902654105,33.451846845568745,1
6.667364929379599,1272.0430702351014,89.33523248343306,20.106727475264883,46.73945209453396,1
6.071369607042357,1975.471583239213,68.30905751647109,17.117486364262586,45.68515623785781,1
8.438640936492446,1899.8209063953902,89.11288102707091,22.09795366973108,61.78226609763066,1
2.4130796643676167,469.0779772752187,79.92126585780882,23.263450344154393,47.79788867353203,1
2.8107291443795397,663.7037051670994,115.02255679481215,28.51645850208147,37.42533908218404,1
12.940605753101408,610.7660375272991,45.96192956606358,28.16319648595147,59.82335377067719,1
14.197120385791127,1561.5678559764729,56.19230678204384,16.402162792825138,70.71919603345407,1
5.662308812568319,1708.4565277711122,134.64367386732135,22.905186308623158,49.10617472299866,1
4.134095629838951,741.6181860970751,142.2361944068088,18.63557734434724,36.61343575492408,1
9.695593194261335,1209.3643087229264,134.4209429855388,18.136254106336114,39.83440986564115,1
6.190139149361636,1745.12484481792,65.81995912381046,31.54604299474492,41.8741652584692,1
0.4782566993391385,1572.482471626001,118.15299793599785,15.838304334325152,44.99487964972681,1
2.4266737007562367,1267.5795287869573,74.06868132865932,23.383657518042426,62.139753525315456,1
10.767986209826223,1344.5563047340365,77.14327856118481,18.364073115330363,60.047274226885946,1
9.917966734461254,1213.376875066048,34.67861581330617,32.58660431356948,64.80399307835197,1
0.503730288301904,876.0775221101129,90.71389397248488,26.140810265500704,48.12509922657566,1
3.4073852128009467,1304.0351885744258,31.98970517423545,19.62761272753696,71.19988259399892,1
3.543014469162264,1502.216483280145,53.076881364743095,25.04854574332753,40.204383057788014,1
10.111201879621053,1797.3166653772923,128.9793792348906,29.629727194062315,53.45203737590769,1
0.3936870125400259,1418.066166366797,35.025992335574,34.162360178388674,70.0469360770715,1
1.6512178715701504,1617.7944592690528,15.317951350147757,19.40892008490838,39.00793238663096,1
12.01874967206052,656.1146159273168,15.006100928858364,32.723635442586904,35.49315568703915,1
2.760315464609571,1138.4919590716638,141.41375547295064,33.686082283349805,74.18419838439948,1
9.825917006992933,414.93059172334927,78.50346350446601,33.32841089064132,47.14648313795979,1
3.6489234375962254,794.6861832345969,64.36475041346766,27.708287137238194,64.1935062454516,0
1.581676752114243,1562.3387441808077,122.57739424614817,27.596413088694156,31.267430213196924,1
3.7232656458918663,1986.8959221589814,126.19475954702482,23.064212663676457,64.50234442047248,1
10.861777284649321,558.6849593395455,53.167699801762666,30.04795764607576,45.80506557734853,1
12.849877374783658,1042.3909053780612,105.57461833370031,25.625880367018638,32.787042679372085,1
12.470275982048175,1680.1135499186553,116.81280829852355,28.54876142456589,60.49063807740585,1
6.018034591314977,726.4570154062382,99.9243495955634,23.56915807697591,42.04019080365866,1
10.054468534902627,1288.135918883658,26.98128584601441,29.629929280862783,49.340362102594,1
3.1542660016957327,1572.9140736474797,132.00304710997327,31.48943035209098,34.02904061432568,1
4.467901180889097,1385.5767204162864,83.16871014672127,17.92872513205632,37.35816255474727,1
13.455403695964684,700.8395753846657,45.958501823650536,31.65859431148456,44.89886177479219,1
0.2937286603099669,968.6153098971831,66.65808688846562,25.805930635806146,34.48797502800786,1
1.3740771097315745,1654.0668551766355,10.44780810784157,31.893318181804485,75.54131323431577,1
3.197505201675807,1286.7624226112266,23.540686177250546,23.626034126820294,30.30235215919892,1
0.4953298377199138,408.36738166866036,116.00427882479983,22.5808097076607,54.19301094321557,0
2.80338798283798,1617.5852160449501,5.001687039528091,33.30121465034445,36.162372906627574,1
8.787319258448413,456.4981679043825,65.40204512993236,20.023385350968027,45.383954473897425,1
6.379225803828219,1593.1740523699714,80.76397625741032,31.884246505722864,76.30297799091328,1
13.400808495046926,723.9688962643799,12.921990900140983,24.680411450188082,38.08472766369934,1
12.27990906990277,1932.9175681910083,146.09633363098825,25.281908851025193,78.29161598591662,1
5.193078540298352,988.7052020833352,37.78817303120243,21.16936562978968,40.289718849471086,0
3.965409158126258,923.0905861409266,49.108814347260726,26.460844012380313,67.07830542334148,0
5.757416881692277,638.2208805319115,49.071664276978964,21.504223925524226,57.33386324486558,1
8.895394643470635,888.9667447843437,38.41041600701573,15.785388284833047,74.22393637983797,1
4.094148248260856,1802.641218925121,5.213704202515156,20.43997210688712,57.69966277515655,1
9.399818726952097,1994.1349402035958,110.75499514275947,15.127580868131814,56.727960957815434,1
6.2002336176494826,989.2952488109573,145.19259747089637,34.56709574113714,39.772900018419996,1
8.325502994694505,1117.777009527268,37.522555076331535,34.31494419639495,38.311468102582936,1
6.598285284116218,1555.3135011243792,101.14184281149625,22.9031059494461,75.82445755577571,1
4.487539817174573,1817.9132487441193,112.5749674090137,29.567417086792922,46.391909942501705,1
14.231954273736134,1348.8709346988546,128.02167996812608,21.9161219682085,48.6041127481448,1
11.477726332980437,1026.441117084527,66.28123356697333,28.42186314171952,67.99118292141942,1
2.187686318920143,1060.1949453577981,48.92498131786224,31.10860086091958,46.941174121140364,0
13.0401728408789,1512.989034394891,52.16779443333951,33.935124893844815,77.60312233195015,1
7.362724853917753,405.14922176684587,108.33009329928436,23.00424551699344,66.89638844994002,1
13.428828180721963,1391.342939935745,123.43302264331723,30.665959659120954,59.871462128671,1
12.017843313614996,968.7888167061718,31.334025324707387,20.318569012642378,74.04475802723763,1
6.435681216591578,1670.7157300433348,58.786446182875956,34.80664607587296,32.48029541747414,0
0.4347926939697493,548.7850237170114,135.78132852862674,15.515391975287024,42.85313460946044,1
4.1032926548356965,1341.1236271174248,121.97056035573719,27.070576130022417,53.25181671104549,1
8.170349798446917,1169.556623817798,147.804468400559,28.19011963302654,41.34892697357605,1
9.538825475409594,1427.720841448364,114.36599765390172,28.760911141482577,67.1952593651076,1
3.9425265129547142,503.76575117274933,62.01330414904873,17.40775157578178,75.96040155268625,1
2.17640550368508,1327.97405988501,90.64248592922247,33.77059566946261,51.18850599654617,0
12.540460528309557,1298.3753407352378,100.84706686586145,18.623665581001656,47.10663000559475,1
14.767592492482926,1297.0561510658736,16.376093365982975,27.45506806479682,78.07753660687831,1
7.932783716310019,1365.5802665543276,83.95205907006044,19.453521582461697,52.24262164137704,1
2.658021359139722,1482.3486995621795,107.85152012852839,21.144328340425417,54.45242002246416,1
4.157379165138597,1687.9823994892315,29.261589080153755,25.929170834562488,47.58249361709527,1
0.37402108055725436,831.7131522051429,118.19159902670579,23.343868371291528,75.47742365060691,1
13.723052217751436,1720.0790562880993,89.64705317454619,18.204512019530124,58.447774164092536,1
1.854491135063103,1197.2090916215257,143.07215892615122,18.418728048416966,68.10872935908223,1
8.690095485162377,523.2932466149299,11.151233239999296,23.36289576325599,70.59033591754431,1
4.183422788239369,493.6814867903667,43.47228994554271,30.145659565510016,47.09245209586291,0
8.357252237485321,934.7813099136973,92.2253124984745,32.95929293695577,51.684716566019006,1
9.806163786442777,1655.8351633783482,48.001187269859955,16.682553245187655,72.42358872031323,1
12.463152875237304,1532.2894955854651,108.59150379033012,22.862078151188022,48.16276758379051,1
3.175676949232988,1661.7839434758503,115.05576596568,17.004911274457534,69.69675667259256,0
0.26383784701135915,1227.630490306575,19.864814789638796,15.331849612651958,77.04961612872185,1
2.1395958880252284,1104.318396728785,79.50889730998132,28.234373652879132,61.160518653400345,1
13.510277763536767,635.9240427300543,78.7891305607031,27.048988839331756,67.08136437259444,1
13.120962155681477,925.1084057748985,58.54571168125346,18.260382276297726,70.25486560205675,1
9.001455222337594,1094.4309858782003,140.27410507260245,19.67625666186128,72.25198244483212,1
9.047701220461436,541.7606874873876,124.98841638161707,15.474155072890367,49.7526668928398,0
10.009046450739207,752.979124337938,106.09536037689733,31.698944113888075,32.56317295879991,1
2.713032051489399,1357.1604705019822,108.57736218157464,34.49381192097103,50.09381356183698,1
13.7247379942819,1577.0609827827038,71.94884085290226,17.709190735893817,63.68781148920449,1
6.339680820891889,1997.3560182287194,138.5442055590035,19.629504275305962,52.51751928903964,1
5.808764070917512,1892.9813301496922,105.71633695172638,32.36819047893868,67.44815754301993,1
7.831873808714279,1428.1043192563066,110.70225394009339,33.529275959123694,47.84912147343319,1
0.7997929049483202,1073.9968852705151,129.94518104916506,23.39254765613621,61.73720705520148,1
2.5776221944655835,1417.8837835331724,44.74038045461769,16.01244944538148,39.32099024269873,1
11.09670088475292,1657.042588928371,122.02528106067193,15.787836673856388,67.46847183224784,1
1.3337001520843845,589.3379054774198,33.30988742869135,26.47899732138021,57.284798440651294,0
9.086966431049184,1055.8478235140612,55.074583075508734,22.85790217786358,40.203219427330026,1
3.7557017342516823,1743.6836570169876,53.663515869127195,15.57304855155309,44.59555867489036,1
5.90050464922545,1014.1327230928704,146.8861929164254,26.665047846251134,67.43043542909162,1
4.401536677883428,1314.9956339634984,129.1978974434494,15.22605073178045,54.13006178307603,1
5.399523475327742,1340.4309773795171,106.66962993058766,30.747439162985458,40.80157201965361,1
10.813783987245257,695.162005013823,110.42323043423157,21.128656454067432,78.36355951851488,1
4.527113562785307,979.5767066436614,86.5005551883728,15.805160060184642,65.75625099084439,1
8.539429140423769,935.2180619870915,142.32814673073526,26.767044419663065,77.85674162698982,1
7.193150992766585,441.91473365130366,76.95751916794242,22.953688288661095,51.35525226801716,1
9.988700363903456,438.7068222261684,60.175067931134706,34.47600826714299,53.755017034586025,1
14.058763115938895,1730.7152698812376,28.640123855080695,25.883973250074042,74.89776080925097,1
11.01532424843273,836.9132959564998,118.9998195778534,20.504783620740167,56.252467012269236,1
3.302611641002276,1228.9260259821046,111.49437015096076,29.188777292679497,65.36394559528335,1
0.5646287124131416,877.9609177420368,60.731480585999556,20.429840050854224,42.6086438747765,1
4.0077342600673935,1905.0867921845447,8.653045024088257,33.0848658281513,52.33632343513203,1
8.966661167433797,814.8748141852379,126.65461251911155,22.49443941014753,36.17249329051776,1
0.8662446209153302,1087.4509003822961,6.655607600840677,25.997371255524104,40.299001793848085,0
7.4958570832984215,1796.368400775363,107.03646804621239,16.011462076484577,30.047170763381555,0
8.99295844886165,1747.0937068668939,145.68728091027828,23.522424759044615,31.96325258243301,1
5.080233973172716,697.7622685540437,68.4608925814895,31.6472707932199,78.86419115884647,1
11.586591835812747,1684.2292956731367,39.07114372441315,31.11297610726684,42.117684756838116,1
1.6883139716932,1133.0990187806283,107.20629645629035,19.486371177070524,63.165535475200095,1
1.2195529478635507,1172.7501953365684,123.48358059225984,19.521581420211255,71.95498493998058,1
10.95001246743369,613.56795586551,84.23239583128786,31.346106244264735,57.53302296182821,1
7.4828206114723566,528.9624220113994,145.22011491214118,33.60796840338651,37.65722500419781,1
10.357195706773267,1564.7028911580244,12.49196464040436,16.907218425460073,66.40582186680831,1
6.578927345195819,1194.3378437684796,78.19536175415658,24.001172788524507,60.01257050497915,1
3.7713902952626914,1098.9611241842872,109.17582236176976,21.74908557928458,66.56252946736876,1
12.304624533345576,1567.2131658438348,130.08286831663094,32.41376910914879,68.48733114285436,1
12.011296596637791,1624.8206383857755,30.992063726629556,16.670498293600374,78.77051838423725,1
10.450977415730959,654.2530682709657,121.00050485573381,19.22251885116075,58.6781640013355,1
4.154962544726444,1376.3602391642262,85.14252597918906,30.049366751729885,47.08205563453009,1
8.894436936349397,616.5665316442969,62.500283888544665,16.02587697962431,62.42322784501185,1
5.4785110644063995,1602.2001376464732,24.098679143968567,24.850707614285785,33.422035462131305,1
1.4645728925668489,1451.1282500274233,130.4678850417923,23.842140693594402,74.8698659160793,1
13.767972274387418,1930.5833937335328,27.804615186058726,21.688023579774974,35.96905056690984,1
2.138597600692525,510.3328261702739,49.91923958531939,22.891446306378477,46.392141894290916,0
14.258536571929957,491.2875538420069,47.056602134553344,25.59881173860466,70.78726903130604,1
6.7454860170735405,851.4993195091203,131.35503495767387,18.22734716776766,59.865618916535595,1
